time,nearestNeighborParameter
0,"[19.605599033879916,22.766334724485308,45.4527355655702,22.766334724485308,33.18480518040672,16.722672306232372,19.605599033879916,32.92672981768155,27.269023957247104,31.68722404852412,30.450139295620367,3.81062872165685,30.23456319014545,22.564361475077458,30.883464573146057,45.54717888177933,30.243740047347046,18.83379520648403,3.81062872165685,32.05134084597873,40.35741558579128,13.798673901773878,22.659094666452397,48.236170171615996,46.039620088746,32.92672981768155,40.78126579566488,4.8704564606132,29.559562311224983,13.798673901773878,52.34136208019189,26.116226153901675,21.8656573188942,45.87596025324455,20.220306832624015,39.9886298724355,16.722672306232372,30.243740047347046,34.52865706731908,83.06201488379489,46.039620088746,46.27210814993444,33.22193398875943,4.8704564606132,36.868607829877234,22.659094666452397,26.116226153901675,39.9886298724355,18.83379520648403,27.269023957247104]"
10,"[20.755159716260984,21.268795739144164,42.82699338899675,21.268795739144164,45.58207212445806,12.066405617068206,20.755159716260984,32.700865682401236,25.440498847691483,27.004380076553005,31.76032407670038,7.785989556006078,37.25017608008925,22.346908228589292,19.2709452467407,42.82699338899675,27.004380076553005,8.919945834625455,7.785989556006078,30.022673668533916,36.70032774347408,12.634026142813825,24.575434535516777,43.17984731792451,51.02210287050808,36.31076305793163,42.43470741125326,11.734934693889869,33.229017542204694,12.634026142813825,36.20084585291193,27.47013143692239,28.89719775424155,39.11298523915549,19.405089685833858,37.80427155084204,17.374963289824443,32.783060619727934,35.799795577164836,82.91150399575204,46.14836046690826,48.32556310200652,33.229017542204694,11.734934693889869,32.700865682401236,24.575434535516777,19.2709452467407,37.80427155084204,8.919945834625455,25.440498847691483]"
20,"[21.69976325000033,21.219931448891685,42.2350471556157,21.219931448891685,50.43611073087546,11.402615484485361,21.69976325000033,29.64493920779682,24.466226840561358,25.82442239017553,32.8871856137647,10.137740754851317,34.9390185287432,19.25256699267876,13.297826465967601,42.2350471556157,25.82442239017553,8.09828099744617,10.137740754851317,25.478688891970954,31.32938330457677,12.365583861503847,26.351855972373087,39.07143547277788,60.45189499205455,35.35438545720991,45.279714918459106,11.41192314643579,32.37379201232865,12.365583861503847,30.25392136797875,27.684295421975747,39.67215722360444,39.524765087369175,19.213347449796345,35.66652077831573,16.89973429918966,31.28055286246046,30.830480451099465,79.59094961038633,44.69852169100588,42.927238063987076,30.25392136797875,11.402615484485361,29.64493920779682,26.351855972373087,13.297826465967601,35.66652077831573,8.09828099744617,24.466226840561358]"
30,"[23.00442637041644,20.593880484029214,41.46963576172351,20.593880484029214,48.06606018354739,10.412098205842494,23.00442637041644,25.726104504120567,23.94130126933063,24.626076162594572,34.64542564003563,10.642422345659872,26.10159326896069,20.47016586695041,12.340485960506498,40.724228713549124,24.626076162594572,14.599998521552296,10.642422345659872,22.63742114398661,27.806158018049274,11.756284119559787,30.595641377619575,36.026905648127446,66.79243942326983,23.97093132550938,37.064808191837216,10.938023597365339,30.971057191168384,11.756284119559787,29.712736657065935,25.67259001182984,51.7561978249236,39.30532460381995,19.139020383998385,26.949063199826217,16.341876515848533,24.82690838270838,21.589449472549195,80.01769887798588,41.29668581401183,38.8161722795481,29.712736657065935,10.412098205842494,25.726104504120567,30.595641377619575,12.340485960506498,26.949063199826217,14.599998521552296,23.94130126933063]"
40,"[22.677607081340483,19.86561619001614,42.34268186905109,19.86561619001614,46.50544935170075,10.15544662353395,16.412853229721733,19.350948230712216,24.535705752303354,23.11356759605347,34.69081057474032,10.267260493796046,18.157201126329454,18.157201126329454,11.774312707372651,31.223803400228718,23.11356759605347,8.815285183700622,10.267260493796046,21.080932068950116,26.451558327174396,10.494270615530928,30.639922913596934,37.054739810703296,63.424813063213186,16.412853229721733,34.69081057474032,10.26609145159143,29.454886416941743,10.494270615530928,29.564120889536632,23.799946818511483,63.81414414624726,35.27034053788594,11.963239862499911,23.572289612572458,15.912994107064948,15.507028731827097,11.963239862499911,69.95858143200357,35.60413609849496,36.426206613527754,29.454886416941743,10.15544662353395,19.350948230712216,30.639922913596934,11.774312707372651,23.572289612572458,8.815285183700622,24.535705752303354]"
50,"[22.738503234604444,19.124649458447305,43.442230497799336,19.124649458447305,44.74917712724812,9.991740949002322,11.597662392913831,13.84676089045632,23.787876998551457,21.70403565391492,28.914556183808156,10.789197908022839,16.303808349171522,16.303808349171522,10.57101717661831,24.60037608552482,21.70403565391492,13.294304056142707,10.789197908022839,18.04047633059392,26.503301639858254,11.037970314316654,30.168136640513165,41.59547301884299,59.35005107522804,11.597662392913831,28.914556183808156,10.104689535213772,28.603606091370384,11.037970314316654,29.00415840294825,22.406063430585967,76.96965835407661,32.85704201383852,8.847003645928629,20.73167096625254,15.699058063977278,10.015165179938567,8.847003645928629,62.731205649003066,30.77661536690559,32.85245644722313,28.603606091370384,9.991740949002322,13.84676089045632,30.168136640513165,10.57101717661831,20.73167096625254,13.294304056142707,23.787876998551457]"
60,"[23.527106706546444,19.040761824169422,41.60456696915448,19.040761824169422,42.80663561456177,9.847928296793041,10.47180753177326,9.811410434106438,22.758945687401646,20.329741433405378,26.925411438637628,10.928820344599238,15.460008540266596,15.460008540266596,10.229805025461962,10.485929810866786,20.329741433405378,13.775534487250427,10.928820344599238,14.843926723035931,26.509260374366747,11.679470726242785,29.450548119075446,40.53502343223067,55.258907737429304,10.47180753177326,26.925411438637628,10.043049496723008,27.73460763934093,11.679470726242785,28.075837367858316,21.482041557729104,88.06409362112606,32.53064732257602,9.813172717990106,18.19095796674237,15.64628064985838,7.792087372432365,7.792087372432365,46.13734672963547,28.433528482605283,24.48028148452285,27.73460763934093,9.847928296793041,9.811410434106438,29.450548119075446,10.229805025461962,18.19095796674237,13.775534487250427,22.758945687401646]"
70,"[23.59868939378824,18.778003924240927,31.754638431617188,18.778003924240927,41.016747689199995,9.745991343288775,12.331921638791657,10.523362622917547,22.666095141089237,11.349430083700852,24.903857812371953,10.705131733154925,14.746302266134425,14.746302266134425,10.389927987267985,10.522539899354731,13.756965685606666,13.59703696514699,10.705131733154925,13.314815483223907,26.544323851621044,10.357459935255676,28.879302908082042,28.92046183912493,51.34158700419619,10.707104347817843,23.59868939378824,10.308021465442325,26.74529151647896,10.357459935255676,26.92590371275891,19.29385638473595,89.58309126257348,32.66960882636998,10.524081970938731,16.394742560709066,15.821628211465617,10.524081970938731,10.389927987267985,29.196833722034366,27.27023472379529,23.387089026110836,26.74529151647896,9.745991343288775,10.522539899354731,28.879302908082042,10.528756076351266,16.394742560709066,10.82677314927599,22.666095141089237]"
80,"[21.31099974962745,18.34677218814797,17.857471736616137,18.34677218814797,40.43996964153815,10.140885480121769,11.616785375583827,9.538277829749534,22.6217862710908,9.963353821336135,24.0269987325598,10.780623044386552,14.727813447252348,14.727813447252348,5.352113112119806,5.0576847203390916,12.762725051282665,8.051439988365976,10.780623044386552,10.992350413396897,26.5091862175157,10.244378436474356,27.077211024740887,20.919176956862103,48.03236946491921,5.0576847203390916,21.31099974962745,10.23731776598212,26.52715624463707,10.244378436474356,24.352078320271495,14.978528256824188,88.9250620964269,31.422087749271036,10.829804845023851,15.03717263755193,14.144115509145292,9.963353821336135,5.352113112119806,20.919176956862103,26.5091862175157,21.667494262909557,24.352078320271495,10.140885480121769,9.538277829749534,27.077211024740887,8.980871311544517,15.03717263755193,8.051439988365976,22.6217862710908]"
90,"[8.756011846957305,17.63192790006644,16.471521286488255,17.63192790006644,39.96390453842748,9.84866679756182,8.058248705552028,8.776501448102634,22.135861472692635,9.205351989335794,24.60266195642016,10.345719733802712,14.776194120565451,10.843673041750291,5.09971404027921,9.07028502333075,11.185115405811572,9.53153309853859,9.811893999311954,9.811893999311954,25.87226508398688,10.487268021406372,24.95415692630576,18.819296243171053,44.85857693723806,8.058248705552028,20.435574263096694,10.244173226191762,25.68096266522855,10.487268021406372,22.039293242879666,8.586751690756623,87.95047196271933,28.156435545668014,9.68502542929984,13.134654947498248,13.261517457863825,9.205351989335794,5.09971404027921,18.819296243171053,25.87226508398688,21.459167417317524,22.039293242879666,9.84866679756182,9.982046393433452,24.95415692630576,8.586751690756623,13.134654947498248,9.53153309853859,22.135861472692635]"
100,"[7.5853169863692695,17.179870249575988,7.5853169863692695,17.179870249575988,39.77045277561867,10.039456480061968,2.062292387075331,9.120235894603212,21.4375588643317,9.303432683867344,22.83475223933965,10.424315994020253,12.58496878741881,10.2479998938076,6.093115187465885,8.870643158441037,9.665871491095222,10.857234447795083,9.441293259561393,9.441293259561393,25.04428840198424,10.237609253804742,24.49841077656309,16.089479300798153,41.99542348198871,2.062292387075331,13.070061654309347,9.858909575383132,24.49588315237176,8.18444444434235,20.853651352819167,9.555077703405592,84.35393487615784,24.90290519348807,8.114704981153405,11.756839281085611,12.9015479877266,9.303432683867344,6.093115187465885,10.2479998938076,25.04428840198424,16.089479300798153,20.853651352819167,9.858909575383132,9.127067677956749,22.83475223933965,8.981746997233541,11.756839281085611,8.18444444434235,21.4375588643317]"
110,"[8.692410632068997,16.85444878909094,9.088017040275568,16.85444878909094,38.23053126561034,9.925035472660541,2.0171324873319603,8.825023625660862,20.532093947491884,9.510124776341867,18.30312786930308,10.007583365997972,12.228980375078992,9.406323309067039,8.912761938128765,8.97862235728415,10.729958887420647,9.832161331402173,9.923084100441116,9.923084100441116,24.550051128226528,10.823597410334262,24.13045311177077,9.188310174786732,39.561482010036414,2.0171324873319603,9.290222359021726,10.220211806518916,22.86734597418607,11.771879682553621,20.315414572432836,11.425200144284213,79.75421320531873,19.60006867551135,4.857031872845641,10.800822553577126,12.027681253921472,9.510124776341867,4.857031872845641,9.406323309067039,24.550051128226528,9.188310174786732,20.315414572432836,9.925035472660541,8.97862235728415,20.432153835669396,8.912761938128765,10.800822553577126,9.832161331402173,20.532093947491884]"
120,"[6.416184681360079,17.07621617575396,9.575780021074552,17.07621617575396,35.77637188199975,10.554523395667404,5.724265189316346,3.562203862304472,19.6324712984958,10.122263173262509,17.216918578444535,9.909376400848437,10.565023016579788,8.39500331690173,9.365421279499989,7.815411026901408,9.732710357993897,10.558375561220581,9.791772770648075,9.791772770648075,24.140795944968737,10.39424632631974,24.21308452823243,8.717582780934332,37.98387553823056,3.562203862304472,9.368126028708694,10.210379009778627,20.814040223006845,10.39424632631974,20.106488219524845,10.247544418863344,71.34777695637216,17.17951166979133,3.8056433672122854,10.220783194903577,10.51552171455616,8.585061971937327,3.8056433672122854,8.39500331690173,24.140795944968737,8.585061971937327,20.106488219524845,10.210379009778627,9.100913439396773,18.137161074673276,9.309192856450707,10.519492678752036,10.558375561220581,19.6324712984958]"
130,"[5.459241234865036,15.82427886580773,10.025540024254179,17.795393822052276,33.52299562498871,10.548075773175695,5.459241234865036,2.9350981360129045,18.80692261525874,8.31384514701482,11.2013944978201,9.824604977310054,11.746410222953287,7.953738635286971,8.901966386093406,8.32459206485869,9.138751912888402,8.999089370369765,9.824604977310054,10.256043902952959,24.042930766913344,10.787233305358106,24.218560662955714,7.045826769155992,37.56635325953524,2.9350981360129045,7.840321658935367,9.784966682501167,18.964601896164115,10.787233305358106,18.964601896164115,11.120683102087192,64.9184714718857,14.512297612716425,5.897593561282656,9.847095768042939,8.868916014761218,7.092993930998845,5.897593561282656,7.953738635286971,24.042930766913344,7.045826769155992,19.97635020451732,9.784966682501167,9.84679434269719,16.294962115299104,8.36092649519692,9.847095768042939,8.999089370369765,18.80692261525874]"
140,"[3.312061902300798,9.341474180260098,10.919949317790838,15.30461598640745,30.17153683167955,10.91419442987079,3.312061902300798,7.021538522791755,17.33136651765401,7.300673416041637,10.504417240045255,10.57213239489173,9.452849281670423,5.8803790400140885,7.667587741069502,7.062414192688825,9.657379414011965,9.348016891165269,10.57213239489173,10.969743091954198,22.761269172266193,9.952407630959915,24.29313665111922,5.8803790400140885,37.28865357914119,6.485149839819673,10.537560105535677,9.886681067701154,17.384186439766406,10.349764432347742,17.384186439766406,9.75788566954866,60.88018989610684,6.91090432097159,9.283076580952699,9.341474180260098,9.60439173244838,6.344005636129755,7.843236985097856,4.367082283086884,24.056509422693647,4.367082283086884,20.0859911261786,9.886681067701154,8.193424847668465,14.813106899578713,8.3766808260343,9.596448590773003,9.348016891165269,17.33136651765401]"
150,"[0.5226719058506799,10.661936278072519,8.99167818610553,13.38247951828441,27.79504248910443,10.750124993622055,0.5226719058506799,4.073512331415524,15.360482920016437,6.795444125532006,9.719310291586426,11.074046367780038,6.8406990942064745,1.0055097444400787,2.8884459142831678,4.52748946877289,9.533775160291245,7.899868747882748,10.884293380072075,11.26873337188617,21.986542375034375,7.317409798580799,21.766697555588255,1.0055097444400787,35.68094490827835,4.073512331415524,8.99167818610553,10.007894642064555,16.02738582941744,8.282127429619157,16.02738582941744,10.38186724884729,54.417603860836344,8.658376738184826,7.515469479022158,10.675232737113623,9.200693924588188,6.795444125532006,6.75951810956662,3.2926566129732455,24.048969925456845,2.8884459142831678,19.967035288144462,10.007894642064555,9.031305563597874,13.368198217057873,8.071980933078054,9.340051770094838,7.899868747882748,15.360482920016437]"
160,"[1.2264887974293532,10.503661533376144,9.457070766654168,12.905670761498056,25.328768580581336,10.82630578885054,1.2264887974293532,9.376735698793473,15.25435960402639,8.995701247150727,10.546292017289408,9.932289294111408,6.165771104858348,0.5287463669418043,2.0434517465845365,3.4524549345523283,8.889004169327933,6.696113966677477,7.231478656483294,10.376810161098055,21.908201557396975,6.165771104858348,18.539505358361712,0.5287463669418043,33.44751081770921,3.4524549345523283,9.940911943735047,9.844865074709073,14.795624547121479,7.231478656483294,14.795624547121479,8.788078269568727,51.77441409161968,8.720844721705253,2.866574845104334,10.503661533376144,9.844865074709073,2.866574845104334,5.3226023773568425,3.510738373677775,24.076774746242023,2.0434517465845365,19.784807395558172,10.034559352897395,8.967404416713668,14.117601612215024,8.339817843353245,9.457070766654168,6.696113966677477,15.25435960402639]"
170,"[7.257574035235687,10.826754756687443,9.493475484187309,12.051221041178872,21.196370875609198,9.00218155723645,7.257574035235687,9.149270555921312,12.750176064676964,9.45079872119458,10.790328236730728,10.434416733869545,6.253462181267707,0.42842033360413784,1.5690045843779583,5.682064967121833,9.376149428767715,5.883999665913073,5.684360919612777,10.434416733869545,20.943639435295434,6.253462181267707,17.596766654627533,0.42842033360413784,30.55859656326651,5.682064967121833,9.493475484187309,9.68047134135796,13.729914602933649,5.684360919612777,13.729914602933649,9.4834419515357,49.480527329656255,9.45724380128749,0.5281020810288731,10.903118026521419,9.64054964542964,0.5281020810288731,4.87261657664288,4.1837629558985165,24.0481491791749,1.5690045843779583,19.756885819591155,11.160069018722828,8.825799997823884,16.094164556049495,8.87410173101931,9.69414941976461,5.883999665913073,12.750176064676964]"
180,"[8.861855478498159,10.733129000592045,9.805194026110753,11.791300297563316,18.267488979490963,10.599180417619143,9.785527232065,9.0303977317558,8.781450568604239,7.571555857292582,11.549727331152349,10.438100129766639,7.966882312346677,0.30739143757568393,1.5106165444307451,7.632819609156613,7.571555857292582,7.029300972538014,7.970424578177636,10.438100129766639,20.482988804464156,7.1539065744370935,8.781450568604239,0.30739143757568393,27.167525220717955,7.632819609156613,9.959043458904386,9.857428762590684,12.781800837270719,7.970424578177636,12.781800837270719,8.967456000744482,47.503562929592746,7.1539065744370935,0.3492520960879897,10.733129000592045,9.95052221687387,0.3492520960879897,4.850699342730909,4.359712249609496,24.00423293083643,1.5106165444307451,19.797718748172063,9.95052221687387,9.160063976989255,15.93983154316658,9.979727137256498,9.805194026110753,7.029300972538014,17.094853044410453]"
190,"[9.388749404944502,10.71366493297696,9.897232995087613,11.850119234226149,12.41705566139336,10.082249694897595,10.060215753639865,9.590245466330996,14.81263486326815,6.36418351384272,10.500075207840405,10.326189382944557,7.744523708844881,0.514456492810957,1.323750351571074,9.236399603004392,8.17816773859678,6.36418351384272,9.696617503115311,10.274782140857077,19.74750127567537,2.677350006125229,12.41705566139336,0.514456492810957,25.207385397087425,9.295090770303204,8.766708348086697,9.89621004162226,11.807179992719897,8.696493528491231,11.807179992719897,9.625597610479392,45.83872926161598,2.677350006125229,0.6132178476872622,9.282152736770897,9.608163525403324,0.6132178476872622,5.203850925988582,4.183612007705292,23.978498742229306,1.323750351571074,19.823575118989115,10.056476466846382,9.295090770303204,8.766708348086697,9.787042057673107,9.236399603004392,7.212866052174385,14.81263486326815]"
200,"[9.788091049389253,10.751653581596132,6.489204087276615,11.919210348224054,7.665811503182438,9.282370552956356,10.22423939831388,10.22423939831388,15.37042234378199,4.160628970354671,11.75084257305773,10.227009262207742,3.491409884084612,1.4711858022650877,1.1766659861117907,8.07647266786801,6.489204087276615,4.160628970354671,8.736447511401165,10.374983501647861,18.513909651680805,1.82124611935243,10.557320286627775,1.4711858022650877,24.296178486804862,9.252921877758645,9.178576163042433,9.099083619257927,10.901674654227024,7.013688939737298,10.901674654227024,9.747889044252856,44.330713455572656,1.82124611935243,0.45177225206623883,9.116061362648601,9.389164869030354,0.45177225206623883,5.102735822848649,3.491409884084612,23.970534267972173,1.1766659861117907,19.740677813493843,9.389164869030354,9.70955435781231,7.665811503182438,9.282370552956356,9.02661320671766,7.298023961624886,10.557320286627775]"
210,"[8.460271757648965,11.310834511926094,2.765145989430304,11.991369993414013,9.698275831495478,10.012137774034743,8.645260843565039,9.537543754744794,16.570176333224776,4.51171599576834,8.645260843565039,8.729803009837049,3.11756282158664,4.301470336248818,1.0270931155693648,8.037916117373907,2.765145989430304,4.72518263830567,8.729803009837049,10.285205743183583,17.371185635446835,2.542978751577488,6.440228053197055,4.51171599576834,23.604622051957648,8.235277150362366,4.544639090045674,9.56842320007623,10.832076838072306,7.0032489903267425,10.832076838072306,9.268257513761649,43.00390891508823,2.542978751577488,0.39348651555622205,8.037916117373907,9.287226854903384,0.39348651555622205,4.301470336248818,3.11756282158664,23.970417153047332,1.0270931155693648,19.305624845662898,9.483364397117146,8.79599562463767,4.544639090045674,8.961190486762447,4.72518263830567,8.100745531734589,8.8626855356722]"
220,"[7.582394362041017,9.101706495617945,2.4589839840742003,11.74336067572557,9.22328737753454,8.240136692451618,9.674048285535891,9.674048285535891,14.571424866896463,2.8373233461590543,6.1471460485439735,8.837997480571035,2.7690511392495987,2.0831111908236517,1.1516553681389952,6.688197960058933,2.4589839840742003,2.2316759823373675,8.837997480571035,9.840704149834545,16.438028697047745,1.1467166107396325,3.5478759250046688,2.2316759823373675,22.778552739422803,6.688197960058933,3.288637160037171,7.853853916887973,11.023000699470483,7.602908565760425,11.023000699470483,10.42468209951186,38.573916583174295,1.1467166107396325,0.1242764833034432,6.9495744109363695,6.900116715555383,0.1242764833034432,2.0831111908236517,2.7690511392495987,23.949486337063835,1.1516553681389952,18.597547020061786,8.411167580747023,8.261559867555144,3.5478759250046688,8.240136692451618,4.194439402947289,7.987422377440227,11.866740168775731]"
230,"[8.433586200740963,8.592199161344901,2.0882265469610566,9.40027801585726,8.77073509289356,8.710357123053518,9.386004142916569,8.433586200740963,10.607715542790142,2.0950472731426135,8.77073509289356,8.406890328866092,2.5504536665205912,0.4062164301462362,1.3721805425251006,4.496236106472885,2.0882265469610566,1.063548714154935,8.406890328866092,9.90639628418068,16.187997138503516,1.0389090003220294,4.3076565981804205,1.9526889011937618,21.826061927923366,4.496236106472885,3.2565782521508893,4.444203007039945,10.900678660647996,7.653279852431937,10.900678660647996,10.134882329235243,34.9192678545083,1.0389090003220294,0.16202586625163792,6.44689478644609,4.528663138636988,0.16202586625163792,0.4062164301462362,2.5504536665205912,23.88631301257007,1.3721805425251006,18.18386335409308,5.7138122638276085,8.072389304514319,4.3076565981804205,7.787547071521771,1.063548714154935,6.474714937248528,9.199402461909417]"
240,"[7.071675622791567,8.077210630077019,1.5562361675481415,8.077210630077019,8.268001982622943,9.132344420302264,9.101931529380614,9.101931529380614,9.262047792996247,2.0489593608678787,9.11030525342191,8.677568780260817,2.8801985781965818,0.40249543354822265,0.7741466136724089,1.0362526346450456,1.5562361675481415,1.0951691910455132,8.677568780260817,9.575210877284599,15.957028620067158,1.3646801195753593,1.0878581238269358,1.6829347975916928,19.80021566163113,1.0362526346450456,2.253031537979109,5.205561150595083,10.922907233095094,7.896075935102195,10.922907233095094,8.992668798666244,32.79629374573917,1.3646801195753593,0.3276320427412307,2.8128787496787013,5.205561150595083,0.3276320427412307,0.40249543354822265,2.8801985781965818,23.830032491178162,0.7741466136724089,17.682183363375064,5.941749148157975,9.909015977666778,1.0878581238269358,5.520016521591852,1.0951691910455132,5.471925822790933,8.736405828079718]"
250,"[4.751993434152852,8.799292814238074,2.701287687323604,8.799292814238074,7.385761761181285,9.204932319632526,9.491486378201682,7.764022476078613,9.548330379618578,0.7297447602353024,8.857490518214645,8.832906931942606,3.7124411806551274,0.4097890580238014,0.5337740432247818,1.7373996785558827,2.701287687323604,1.272267423887559,8.832906931942606,8.924091754841285,14.07002888155052,0.9220536543624092,0.7967995544448933,1.6370978426435172,20.064255312447436,1.7373996785558827,1.8634725072541212,2.903365664470037,10.984028003142623,8.202346022438674,10.984028003142623,4.876821156179952,32.73194416072287,0.9220536543624092,0.651960004182922,2.7896355779096833,2.903365664470037,0.651960004182922,0.4097890580238014,3.7124411806551274,23.690523978478137,0.5337740432247818,16.81000516115758,6.975524687341207,7.764022476078613,0.7967995544448933,4.876821156179952,0.7297447602353024,5.527497229097317,7.385761761181285]"
260,"[4.200882494104884,8.958624802692826,4.200882494104884,8.958624802692826,3.3860130391694834,9.237018116106208,9.369529638973829,7.233483863696015,9.792110301210192,0.725989915969757,8.651264758088953,9.797163710743702,6.6742614884105205,0.33204509706867336,0.5954939217324609,1.87790652953912,3.417524245006291,1.0584164537024738,7.588013317388683,9.797163710743702,11.214007903773489,0.9840924343101224,0.9665618249273202,1.0584164537024738,20.44392858648537,1.87790652953912,1.719167138751727,1.8031407684919716,10.93068908832519,3.068918375132736,10.93068908832519,1.938265497228575,31.137307344381693,0.9840924343101224,1.719167138751727,2.9263160199896987,1.8031407684919716,2.4602880265086555,0.33204509706867336,0.725989915969757,23.403363109045824,0.5954939217324609,16.132977034442273,7.107173977915545,7.233483863696015,0.9665618249273202,1.938265497228575,1.0034295941007534,3.068918375132736,3.3860130391694834]"
270,"[4.8788559214701985,8.338201498130184,2.7697174035680345,9.228686844933677,0.7434888094307535,7.3550197799042385,9.08483094479438,9.293979550819639,10.039640807508416,0.1562258838055171,9.536561620348458,9.832712048367716,4.077664851232744,0.7951692265297696,0.9107630592179357,2.0957416080647464,2.7697174035680345,1.72214905188283,4.077664851232744,9.832712048367716,10.738445137255571,1.0009040474577076,0.5132674113988132,1.72214905188283,19.9122045458571,2.0957416080647464,2.1537670150453136,1.2590996430247006,7.792786803394161,0.22162129087830423,8.997654930906098,1.2970870625089037,29.611692241303405,1.0009040474577076,2.7869280734663935,2.3016157935556576,1.2590996430247006,2.1537670150453136,0.7951692265297696,0.1562258838055171,23.016710072023393,0.9107630592179357,10.540668315390977,5.111466747281429,6.534298606823855,0.5132674113988132,1.2970870625089037,1.080632764392899,0.22162129087830423,0.7434888094307535]"
280,"[7.426367956693279,5.192522496717047,0.4990072647766666,9.76185680989264,0.9586993559321397,6.502858562403437,8.160223817806422,9.843901162373845,8.939870111002723,0.16894414329439889,6.168809376244085,9.952367709620836,3.855286109697481,1.0883477477604695,1.0585599218256556,2.1913965157882163,0.4990072647766666,0.603790742892745,3.855286109697481,9.442875431845193,10.080570892455425,1.3388290375269116,3.694846570682118,0.603790742892745,18.62381527593875,2.1913965157882163,1.6174445951197407,1.545443071247233,7.848527429658826,0.9503764979543551,7.58298404315526,1.5727347379778873,28.73070241263815,1.3388290375269116,4.257449027208939,2.37702824236125,1.545443071247233,1.6174445951197407,1.4606777554976729,0.16894414329439889,21.940100861361568,1.0585599218256556,10.064870183236593,2.602561530835889,5.192522496717047,3.1658658673402247,1.5727347379778873,1.1540446417843595,0.9503764979543551,0.9586993559321397]"
290,"[7.088981150875806,3.583542883235017,0.571698051946164,9.812777085885953,1.01963369025386,6.84221808855631,8.368951225596874,8.760713416364124,10.086245113400075,0.29229110863420243,1.0418631754878243,8.664912235064124,4.104443470921779,0.8624428433015273,0.8322385611111981,2.3972171697291365,0.571698051946164,0.3766435068013104,4.104443470921779,8.55978623973275,9.759837393895058,1.4618738654126255,1.0418631754878243,0.3766435068013104,17.647699891700935,2.3972171697291365,1.5875083136398347,1.1480515177012192,7.857029616656665,1.4770493834586973,7.499621551940125,0.7108147069136708,27.51474173502074,1.4618738654126255,2.2130682178748367,2.2577701053851666,1.667932227919629,1.5875083136398347,1.6498504732935333,0.29229110863420243,19.952939654412344,0.8322385611111981,9.400523758639958,1.1480515177012192,3.583542883235017,4.568475331816446,0.7108147069136708,1.4707664509384066,1.4770493834586973,1.01963369025386]"
300,"[5.1632459809717215,3.889046559041541,0.5371836103997658,9.682814679478914,1.1650739617742774,8.731335286018783,9.749812588540463,9.374093436412544,8.87935141679231,0.6374995647992456,0.5910679134173702,7.747042820163418,3.7556017126381454,0.7741377193584228,0.580515240065897,2.784267137724149,0.5371836103997658,0.5428697215865431,3.7556017126381454,7.939370542190338,8.891473691555632,2.3999829205432075,0.5910679134173702,0.5428697215865431,17.050371875472827,2.6880022694974444,3.21021007260597,0.7119622569046944,8.165952991477342,1.015564028166153,7.879308923212586,1.5548240399551922,25.117149110695074,2.3999829205432075,0.580515240065897,2.8213090508828187,0.9087278735784442,3.21021007260597,1.0284226513430936,0.6374995647992456,16.62050778845118,0.7741377193584228,9.769926643380186,0.7119622569046944,3.889046559041541,4.400035287709617,1.5548240399551922,1.0126697110241227,1.015564028166153,1.1650739617742774]"
310,"[2.3954373246290905,4.072084057751306,0.6898389521003622,9.26106937011657,1.1700164955203711,7.1159918417947665,10.224126807589698,8.515007581273606,10.454122561269788,0.5244979498014578,1.4207335281510791,8.675380223177111,1.6137766112993888,0.7371522658261539,0.6703005124082322,3.941016804214465,0.6898389521003622,0.8581601774766466,1.6137766112993888,6.304163336149954,8.593698280370585,0.8760070504394774,1.4207335281510791,0.8581601774766466,16.624780857220706,2.3460044406232483,1.1623980941368088,0.9410220107940267,7.9185348132396856,0.8895432772496532,7.1159918417947665,0.5838019765912636,22.700688865874806,0.8760070504394774,0.5207648873892915,1.55497078918289,0.7008168423458451,1.1623980941368088,0.7371522658261539,0.9785436621177436,12.68119672432845,0.5207648873892915,9.542129017615018,0.7008168423458451,3.941016804214465,4.499051051171341,0.5838019765912636,0.5244979498014578,0.8895432772496532,1.1700164955203711]"
320,"[1.9537918333150963,3.6014575646662923,0.579799170966456,9.524764262771994,1.089694923128679,6.058720642674899,9.104178946077019,8.254465536296697,10.37673276986568,0.8823860006390174,0.551872888487635,5.468247372067725,2.46667086673938,1.4137309107806892,1.2880007443723551,2.5068884769055635,0.579799170966456,1.166590394545836,2.46667086673938,5.4991218722874615,5.4991218722874615,0.6162221887985366,0.551872888487635,1.0070931358382353,15.626992687773104,1.9537918333150963,0.9833409097483092,0.6669115166992929,7.99657622938314,0.6689408639320483,6.058720642674899,1.042804821582743,20.240359418468202,0.6162221887985366,0.11572239469913996,0.8823860006390174,0.25065854104699964,0.9833409097483092,1.6450960986540792,0.4159209084152171,10.020124812708012,0.11572239469913996,9.820753364502615,0.25065854104699964,2.5068884769055635,5.694157734911349,1.042804821582743,0.4159209084152171,0.6689408639320483,1.089694923128679]"
330,"[1.6903159367536094,3.1181841339218965,0.4387106792587563,9.668044968668113,1.1376635568819407,6.163847670202232,9.714721191607415,7.99712645792059,9.674488640707898,0.7543741061812665,1.0955096236927921,4.50948721022089,3.392103574367056,0.9285186619923339,0.9285186619923339,1.1450701898695175,0.4387106792587563,0.9892857001861644,3.392103574367056,4.12892717522899,5.370744834782537,0.33938680568007173,1.0955096236927921,0.9892857001861644,14.383724605298836,0.5552487357676824,1.7711943844878166,0.7813172423918602,7.713776068858797,1.0137906370881429,6.163847670202232,0.7530210039197547,13.178107772495075,0.33938680568007173,0.8619694036893294,0.7543741061812665,0.10690317547366819,1.7711943844878166,1.3545763738807837,0.32267817528358345,8.22811073671222,0.468333043405586,9.209297601910064,0.10690317547366819,1.1450701898695175,3.3544134466008653,0.7530210039197547,0.32267817528358345,1.0137906370881429,1.1376635568819407]"
340,"[1.7397109165164648,3.37160768627808,0.6678242806944468,8.586238459434464,1.4670892894126082,5.904975845429444,9.920042010642147,8.353029482711475,9.82156121879765,1.1935457529440399,0.5450192848655122,4.771449748795798,2.9747040963144515,0.5607521867109393,0.5607521867109393,0.20934608998627546,0.6678242806944468,0.37542408657231574,0.5262358874820865,2.0765841206804043,7.514292686006865,0.9139971889048063,0.5450192848655122,0.37542408657231574,9.493203639197654,0.6788717926608433,1.3595174278822475,1.5398645742349542,8.730236274853713,1.2004773430625404,5.904975845429444,0.2594334562605969,8.586238459434464,0.5262358874820865,0.38022253113732857,0.7932127064032956,0.4289782543679046,3.6527058422442242,0.2726437482305314,0.40218882034890474,8.659060218886143,0.38022253113732857,9.213698568899115,0.4289782543679046,0.20934608998627546,3.0648785520137847,0.2594334562605969,0.2726437482305314,1.2004773430625404,1.4670892894126082]"
350,"[2.0621271696760792,2.2883419937034852,0.4460678046096802,8.229187710002781,3.2848100080798113,6.39014091768024,9.552620061105047,7.830252285659794,10.186868653922827,0.44663176505797164,0.3963696897619498,5.293271243355817,2.5370496291449367,0.20580824152915625,0.4945873556873625,0.18109984124780948,0.4460678046096802,0.1285071939938823,0.272080888456899,1.9875598703489419,9.566948061933395,0.272080888456899,0.3963696897619498,0.1285071939938823,9.901564680709294,0.14957702791473185,0.14957702791473185,1.1474619279956035,7.90946458021752,0.17184363421012658,6.39014091768024,1.9007980738997348,8.229187710002781,0.7485397279701169,0.44663176505797164,0.20580824152915625,0.7622396963982487,1.336505782986813,0.510858900924656,0.510858900924656,10.306224057485746,0.6000799644532491,8.32933274044231,0.7622396963982487,0.18109984124780948,2.8657067658972437,1.9007980738997348,0.598535686469176,0.17184363421012658,3.2848100080798113]"
360,"[1.5035041901444062,1.546714681270308,0.42735961204521,7.262662458934513,3.5999616769904565,6.909558147770538,9.75877324519385,8.64630059277919,10.052767897817986,0.4331111936848169,0.6311088408100721,5.472466203451448,2.170893491171839,0.40940957265552524,0.9333674826539402,0.17971338962952835,0.42735961204521,0.015754739922937903,0.23409101474205846,1.4449314106563464,9.450882995239251,0.23409101474205846,0.6311088408100721,0.015754739922937903,8.64630059277919,0.1534113954666877,0.1534113954666877,0.5792935430993392,7.3214151212284895,0.19852926590279596,6.909558147770538,1.902404552483312,7.262662458934513,0.40040284119304265,0.20395569401528288,0.25353306416771376,0.4398979683423012,0.5792935430993392,0.4172943733873103,0.20395569401528288,9.974613019352232,0.33613848575080146,7.946541822160563,0.4398979683423012,0.17971338962952835,3.1303774801979443,1.902404552483312,0.33613848575080146,0.19852926590279596,3.5999616769904565]"
370,"[1.3856068328077589,1.514187036592272,0.2236597578382723,6.924983018582392,2.687166260751697,6.842616629896072,10.165139784208424,8.148518995884148,9.799001330529471,0.8160077666343116,0.5958796667640072,5.465981938768875,2.036384822992976,0.5895509876894772,0.39556918938881647,0.17724106561109104,0.40516017063367676,0.2603184761420823,0.22223380747453217,1.419556461666998,8.924468928141067,0.22223380747453217,0.5958796667640072,0.20101764594554003,8.148518995884148,0.15422219780232435,0.15422219780232435,0.562538087783499,7.248198702114246,0.05642080179091531,6.842616629896072,1.9435009488601842,8.925602161187618,0.2653341000355639,0.1959580731775493,0.20101764594554003,0.43127653486559175,0.4970378250364923,0.5460971107122768,0.1959580731775493,9.90909467643761,0.3389186809174727,7.759579254530654,0.43127653486559175,0.17724106561109104,2.24499730141085,1.9435009488601842,0.3389186809174727,0.05642080179091531,2.687166260751697]"
380,"[1.361173150265614,1.5003834341401574,0.06797551633755128,7.638656019605657,5.728703961593918,6.31885149633312,9.29961166221762,8.846464464045665,10.043221111337292,0.3811838391333771,0.6418859623014703,4.578213554192724,1.9618133998650205,0.5377523998945725,0.4706919158289743,0.18396871707500506,0.3841869499711471,0.4706919158289743,0.09868096726526131,1.1922016304585419,8.75037027729831,0.17858319688236715,0.6418859623014703,0.24448207356787965,8.846464464045665,0.29897049519689767,0.06797551633755128,0.5463815848263321,7.440157958737526,0.5052818223572483,6.31885149633312,1.8945968490510647,7.638656019605657,0.09868096726526131,0.17269319693610177,0.24448207356787965,0.4810404375614482,0.5043480771268745,0.34155389230852606,0.17269319693610177,9.847587120963842,0.6520132686302772,7.9539633016635625,0.4810404375614482,0.18396871707500506,2.294434669083971,1.8945968490510647,0.6412196128180361,0.5052818223572483,5.728703961593918]"
390,"[1.3207070087048345,1.3890072803986069,0.3937486678179581,7.102183358524732,5.760012903747968,5.1563012323489765,9.452375694305662,9.21790000424338,10.228928371227965,0.1424984585927357,0.4016814581107089,3.6575168677057484,1.6916577717073085,0.1424984585927357,0.3426774464187669,0.4142680840856905,0.40756619713421116,0.21132330003168856,0.19086876274777964,1.0561381436102908,8.53269654369806,0.19086876274777964,0.4016814581107089,0.3784348335199571,9.558608339893219,0.13231662810490594,0.13231662810490594,0.7112751237347114,7.318374521529634,0.1962214008169338,5.1563012323489765,1.7179056563572948,7.102183358524732,0.3583165749518919,0.2725586743617156,0.12586992320788076,0.43881306308846707,0.5220712617229782,0.12586992320788076,0.6462088057982941,10.411978944770448,0.6341500888662777,8.174745042653187,0.43881306308846707,0.4142680840856905,2.0910552154804996,1.7179056563572948,0.2725586743617156,0.1962214008169338,5.760012903747968]"
400,"[1.251244488414182,1.1236134899664785,0.04030217032966521,6.662894685079155,3.8938722169675906,1.4753018421472326,8.741899744476843,8.741899744476843,10.088637868649258,0.44448326981224257,0.8610030679854671,3.0644336925237186,0.8867269540288885,0.44448326981224257,0.09779887823156987,0.3265073505349737,0.3089591333973045,0.09779887823156987,0.44445893382180707,1.026877146557878,7.432643824868618,0.44445893382180707,0.8610030679854671,0.1537274543841944,9.671640119468243,0.04030217032966521,0.12313097824374496,0.7652709004198555,6.637671565627503,0.1838712811219912,1.4753018421472326,1.050495501018583,6.662894685079155,0.5004089382897181,0.24046183795400838,0.15564623174043904,0.4318949528594959,0.5460109666545088,0.15564623174043904,0.19460664069950337,10.204362091197792,1.2456842319571086,6.637671565627503,0.4318949528594959,0.3265073505349737,2.5781426709011583,1.050495501018583,0.24046183795400838,0.1838712811219912,3.8938722169675906]"
410,"[1.3757772690557233,1.4661393452041056,0.03168896419077284,6.341543814497401,2.82806538310549,1.4628117850447349,6.58806759198715,6.58806759198715,10.194146916358907,0.18227658920960005,0.13041173184148067,2.8228030521266896,0.6962544783110864,0.0902690334752152,0.2433345884228947,0.31105468770614436,0.33794195181001535,0.0902690334752152,0.1844909713889944,1.0183255881973197,7.241572032003764,0.1844909713889944,0.13041173184148067,0.18227658920960005,9.857379011128154,0.03168896419077284,0.09584270689814434,0.6223394538784293,4.378826757700543,0.09448135245648678,1.4628117850447349,1.550199523870044,6.341543814497401,0.40343066067371613,0.3068794054130394,0.0672527052415446,0.4175190253028163,0.6223394538784293,0.09346241917056686,0.0672527052415446,9.060368424678046,0.3068794054130394,4.378826757700543,0.4175190253028163,0.31105468770614436,2.852610312286261,1.550199523870044,0.4277635353239761,0.09448135245648678,2.82806538310549]"
420,"[1.5722987595437157,1.4156236031148621,0.10354247766560452,6.251718513154224,2.9950537404065645,2.1079959567005018,8.036993137944437,8.036993137944437,9.018192272941214,0.23025524236704353,0.8271270454895316,2.1061987641595463,0.4887061315485346,0.26794600297557986,0.3070206782433676,0.2938150771790528,0.414538405837006,0.3070206782433676,0.6295280957448415,1.0240354505026015,7.2129214482515325,0.42570607323589915,0.8271270454895316,0.23025524236704353,9.374502677188291,0.10354247766560452,0.13254479176779735,0.5327392951508397,1.4835536851785966,0.06813235077769135,2.1079959567005018,3.3455732752888303,6.251718513154224,0.42570607323589915,0.2759478432930478,0.1246106278512011,0.40632628529992704,0.5327392951508397,0.1246106278512011,0.2792280516143933,9.883661063396628,0.4354872274229343,1.4835536851785966,0.40632628529992704,0.2938150771790528,2.792160713157429,3.3455732752888303,0.2759478432930478,0.06813235077769135,2.9950537404065645]"
430,"[2.7707100717570565,0.7925574825198503,0.038119249025741896,6.229384487195023,3.353734516494197,2.211027686416719,6.987840853483496,6.987840853483496,8.843858548099373,0.07482204134798054,1.2073306323116835,3.7588811927556014,0.798356867364427,0.16374148951784276,0.07482204134798054,0.26197817107775795,0.597556398900964,0.2977520328337693,1.2120910760822574,1.0308599754187975,6.899000630003651,0.5818051237969001,1.2073306323116835,0.16374148951784276,9.940162972340842,0.038119249025741896,0.1873079463039916,0.4509318587452025,1.5576711961421834,0.02959894553404664,2.211027686416719,5.15478263974705,6.229384487195023,0.5818051237969001,1.0887985568137308,0.3370790665164143,0.2646647162605761,0.4509318587452025,0.18570671119240262,0.12449228987836865,6.818945169221077,0.9531638377852415,1.5576711961421834,0.2646647162605761,0.26197817107775795,2.7044110883856347,2.9276411399297135,0.12449228987836865,0.02959894553404664,3.353734516494197]"
440,"[3.985672720679755,0.6488996241626815,0.026680354081630834,7.2873026298115455,3.179784604712749,1.0783056153762571,8.819476102994622,8.819476102994622,8.852069778129968,0.11513703550996336,0.7106984052061273,3.863647972053098,0.25795519355660074,0.09061431493542298,0.09061431493542298,0.38114918643066664,0.29451719108298974,0.11513703550996336,0.25795519355660074,1.033214655587111,6.3412313352004075,0.4091433376517567,0.7106984052061273,0.14596924621782165,8.778731419540083,0.026680354081630834,0.35847795201376403,0.2850389155757331,0.7464437815064354,0.044615030379897634,1.6269701922765143,0.8462243607507614,7.2873026298115455,0.8333326058514421,0.29526293668481396,0.10849629676032696,0.054409069918528424,0.20159318238760401,0.15391201793958634,0.10849629676032696,3.863647972053098,0.29526293668481396,0.7464437815064354,0.054409069918528424,0.38114918643066664,3.9292459109344975,1.0783056153762571,0.15391201793958634,0.044615030379897634,3.179784604712749]"
450,"[4.7046924104054275,0.7632653446447326,0.2304254858816092,6.648070997598863,2.416959895510854,1.6948452286520244,9.335759026423467,8.96069793809565,9.522847293872191,0.08114291088055235,0.42305126503193197,5.158961142588135,0.2096949026693779,0.030284465915796747,0.030284465915796747,0.5914238361749282,0.2304254858816092,0.06492048064943179,0.2096949026693779,1.0318582374112724,5.197977512581712,0.2595613864267005,0.42305126503193197,0.06280099101048064,8.96069793809565,0.18670723827935928,0.18670723827935928,0.16990237675831027,0.6510158150718766,0.045089081186028536,2.4590761477993177,0.8984270874761284,6.648070997598863,0.6208896679980335,0.26370396940135343,0.22944116234552797,0.113268431415466,0.1252557226487433,0.11251002588331092,0.11574793403373038,5.158961142588135,0.26370396940135343,0.6510158150718766,0.113268431415466,0.5914238361749282,4.536426203378813,1.6948452286520244,0.06280099101048064,0.045089081186028536,2.416959895510854]"
460,"[4.4710725500669,0.8055873559812475,0.20296128706652486,6.306800358939078,2.8207298964582437,1.6740277173559095,9.49612113380508,9.49612113380508,10.325433441934576,0.09567486000559138,0.40313075228386713,5.276023618473252,0.20152649475392592,0.002902218104009644,0.002902218104009644,0.42387620835192613,0.26676530811782895,0.08785913002534473,0.20152649475392592,1.0351863031058746,5.276023618473252,0.29723720687257416,0.40313075228386713,0.042580236694434836,9.664384440263767,0.276463036948078,0.20296128706652486,0.13296930072920984,0.49408606886729267,0.04714227666104876,1.6740277173559095,0.6624369063232008,6.306800358939078,0.29723720687257416,0.5611252832098405,0.3388884011056438,0.15955499786901342,0.13296930072920984,0.08418505412510287,0.08418505412510287,6.879734977482296,0.5386434799859426,0.49408606886729267,0.134007828543327,0.42387620835192613,4.49649447286233,2.220556831049427,0.042580236694434836,0.04714227666104876,2.8207298964582437]"
470,"[4.132262503017697,0.8720935056155591,0.13627730260293489,6.300618166550827,2.688034615176077,1.4990422650850639,9.50055668996038,9.327193708014688,9.387970321862298,0.08539436241435708,0.535572048631888,6.836191900728636,0.1526083502076284,0.03157808453875832,0.03157808453875832,0.13944686999583086,0.41951452984446946,0.08999868955467444,0.1731898442215446,1.038359935415562,6.836191900728636,0.16236600902871595,0.535572048631888,0.1414281416981225,9.327193708014688,0.06700769950701896,0.06700769950701896,0.1690685579421895,0.335286110185176,0.028003206272817837,1.4990422650850639,0.860392494941424,6.300618166550827,0.1526083502076284,0.7668400118378187,0.2920998958408753,0.16088801056524024,0.1540563229063159,0.08398477031054676,0.08398477031054676,9.430367867835407,0.7110111499064496,0.335286110185176,0.1540563229063159,0.13944686999583086,4.453452037577828,2.8469035942801644,0.13116045504597582,0.028003206272817837,2.688034615176077]"
480,"[3.5432120940423038,0.8285937415554104,0.34050775259505056,6.608007570737748,2.929313656960328,1.4424549902625534,8.228154545205005,8.228154545205005,9.873759441503747,0.1247452827571216,0.7790308793528683,6.329625160652042,0.15665655527914055,0.04865962356073203,0.03241729829284889,0.3275967040038296,0.4705580954510306,0.03241729829284889,0.16604070194848775,1.0793452499086615,6.329625160652042,0.4775545990022118,0.7790308793528683,0.14753078636601052,9.230189928067736,0.0926175148558203,0.0926175148558203,0.4696000222720964,0.44821231012496554,0.018479147718148608,1.4424549902625534,0.6427313300996921,6.608007570737748,0.15665655527914055,1.2480550716900523,0.5180737139091667,0.16019391348540235,0.12105479081104974,0.10881925680392555,0.10881925680392555,9.298565185174482,0.7223131158593747,0.44821231012496554,0.12105479081104974,0.3275967040038296,3.757700173232284,2.8302040322974795,0.14753078636601052,0.018479147718148608,2.929313656960328]"
490,"[3.1828841260082026,0.7502512066297019,0.2253559611526753,6.633360266398042,3.328143965595006,1.571152046560422,7.770533464662366,7.770533464662366,10.579599273281787,0.13801111745873346,0.7972346475309957,5.611643935712551,0.36495303571456705,0.13801111745873346,0.15059674272583973,0.25256393197531213,0.40390948660540454,0.11269863331775876,0.27340962288673576,1.136820447086013,5.611643935712551,0.5156569735282442,0.7972346475309957,0.11269863331775876,9.265813572538185,0.14741857647845616,0.14741857647845616,0.08527597110977816,0.324649087952885,0.10724915745929252,1.571152046560422,0.4406436054010631,6.633360266398042,0.27340962288673576,1.5975067282311113,0.5503285358331118,0.020379153065135686,0.08527597110977816,0.10112502341974804,0.10112502341974804,8.157840084109923,0.728972593018461,0.324649087952885,0.020379153065135686,0.25256393197531213,3.1818125370603845,3.492781200437121,0.15472018554148848,0.10724915745929252,3.328143965595006]"
500,"[2.7239253841384437,0.7450219487428069,0.18637207289144084,6.592775687455753,3.8862798953040967,1.4009491089855557,6.452384682334161,6.452384682334161,9.771431391047171,0.18911339820735476,0.9227907094262005,5.152158063943557,0.11430226573886061,0.18911339820735476,0.19870116800581414,0.3974722651803556,0.37903747038545216,0.08327664530897694,0.11430226573886061,1.1133823932707505,5.152158063943557,0.25900655970501485,0.9227907094262005,0.08327664530897694,9.739365156261062,0.10123426713419897,0.10123426713419897,0.014838249795327267,0.6232362919475337,0.39971464304180065,1.4009491089855557,0.3580130228568461,6.592775687455753,0.30305475086526823,2.282320490388618,0.5539193709237001,0.16048185788032165,0.014838249795327267,0.07670730617717858,0.07670730617717858,8.028500745631023,0.6967700750105773,0.6232362919475337,0.1774402979527222,0.3974722651803556,2.6421267069757848,3.5986857523164266,0.4856827575532517,0.39971464304180065,3.8862798953040967]"
510,"[2.469732060157464,0.7213504015476561,0.1749701546834021,6.415900800653102,2.9100568085247733,1.0194440542474605,6.95664523270996,6.95664523270996,9.855253549689168,0.14742160078663016,0.9862629541295397,4.863592794736508,0.11619511256352968,0.14742160078663016,0.19603528865979256,0.2422859011943622,0.43609315662299347,0.08224951695105472,0.11619511256352968,1.1343891767194543,4.863592794736508,0.3261889339412212,0.9862629541295397,0.08224951695105472,9.873929937265277,0.11461761300437759,0.11461761300437759,0.40307251911756564,0.4148202452190191,0.8326240011338519,1.0194440542474605,0.42582317619922855,6.415900800653102,0.4235990522512856,3.2340813726756608,0.6174989411602191,0.10036388565465838,0.10036388565465838,0.07180677215434157,0.07180677215434157,8.00044935638726,0.8301551791855923,0.4148202452190191,0.10891943196074222,0.2422859011943622,2.5207514054304956,4.815432343123392,0.13236129565935512,0.8326240011338519,5.093457996135147]"
520,"[2.5085832813188205,0.14393689778057095,0.28795315982339936,6.038513176729119,2.5938644096312617,0.18424457643756015,7.09075776012851,7.09075776012851,10.002579407694558,0.10394034198157905,0.9397961642957451,4.125953398046523,0.07734899468719937,0.10394034198157905,0.1622261123043164,0.05032826519245498,0.09970273226763673,0.07230833214882443,0.13975063653215497,1.0381639280027937,4.125953398046523,0.07734899468719937,0.9397961642957451,0.07230833214882443,9.887044339989423,0.10999667611078763,0.10999667611078763,0.8405846427634615,0.49647248456096976,1.0381639280027937,0.18424457643756015,0.33515540842743075,6.038513176729119,0.35179970803245675,2.9544481342427,0.64652361607575,0.013006381496941131,0.1321577448923723,0.09149171253335764,0.09149171253335764,8.101129384547612,1.0992398167184851,0.49647248456096976,0.013006381496941131,0.05032826519245498,2.4914427238083556,5.062999625374195,0.16160069150895603,1.151129146742026,5.723214942575156]"
530,"[2.4221045225818787,0.3698161932806191,0.3765768876300584,5.9269217016545355,2.5778632118088853,0.43044170471968535,6.981585467546632,6.981585467546632,9.930311439622495,0.1475972721972232,0.5734025493198162,4.17658141128463,0.2286800343090717,0.18512051581901318,0.05719066070950134,0.09130145740604644,0.09130145740604644,0.05719066070950134,0.2286800343090717,0.980384697230106,4.17658141128463,0.15305482864704287,0.5734025493198162,0.0762260901444763,9.731687538774354,0.11101325191754016,0.11101325191754016,1.024847894155078,1.6640851711361804,0.980384697230106,0.43044170471968535,0.15305482864704287,5.9269217016545355,0.4246234220261436,3.145712428208032,0.40141346645895104,0.11305725197179037,0.03542695656096571,0.14172537129283264,0.14172537129283264,9.208958235055778,1.6884470381972034,1.6640851711361804,0.03542695656096571,0.11857996716893593,2.8409152378958766,4.2366062366732695,0.5038743804134644,1.0106787759526548,5.725407835826264]"
540,"[2.3751270675302183,0.3951182674391103,0.37736952002547464,7.115407565499863,2.2758626485889413,0.12777675707782443,6.892656829808891,6.892656829808891,10.128608916448,0.10230161635637652,0.5283419489364194,6.221473201037553,0.19916323546687434,0.15565737331115406,0.10230161635637652,0.09950173866504076,0.09950173866504076,0.013675457992290885,0.20720693770884144,1.3232450659734312,6.221473201037553,0.08222713723118903,0.5283419489364194,0.013675457992290885,9.208322154055198,0.10894961356559907,0.10894961356559907,0.8377678585336752,1.826561458215533,1.0133137590880592,0.12777675707782443,0.08222713723118903,7.115407565499863,0.19916323546687434,3.14857641580134,0.3163531324509475,0.10782490868215665,0.07145480233950546,0.07525997789680783,0.07525997789680783,8.781996081601346,1.0075107079983479,1.826561458215533,0.07145480233950546,0.18360311042614555,3.0703259462496546,3.7458408681413853,0.29926881163576047,0.442812760023955,5.896831361927893]"
550,"[2.6133159150150247,0.4258742781842879,0.3792210411169802,7.157031229878884,1.212192298124175,0.5129371383224314,6.560286605862047,4.393923528940212,10.539331308061652,0.37509248085596436,0.6766974874057511,9.17034192678597,0.15734060469802813,0.48064670628001505,0.1444980514678708,0.1373550273368284,0.1373550273368284,0.06914131207520462,0.16188280384095644,0.45936711634924915,9.322384031015943,0.15734060469802813,0.6766974874057511,0.06914131207520462,8.337838114661364,0.1942531114191177,0.1942531114191177,1.0755233657534986,1.4489962273760295,0.45936711634924915,0.5129371383224314,0.16188280384095644,7.157031229878884,0.16362388611874326,2.792500511072125,0.4628059715574912,0.12208802224103545,0.12208802224103545,0.24352834021751754,0.1444980514678708,8.870403290259981,0.9933924596535738,1.4489962273760295,0.1633894369589108,0.8520293447318047,2.126576315310878,3.7774156894569537,0.864768585557443,0.6877359612225388,5.1743782236737355]"
560,"[4.754843651979365,0.9247950181094448,0.23303889395921154,5.220174912685703,2.190707747931681,0.6984657091432203,2.18543914336259,2.18543914336259,10.351284594292592,0.1939233442315854,0.6479716904909394,9.063791017292624,0.23053948717700837,0.12254525721460224,0.19805914352079845,0.2007079334743449,0.2007079334743449,0.24020749566649433,0.051994253290185845,0.6174543363725286,7.105333574549099,0.2089710842272954,0.6479716904909394,0.18698455970389968,9.34669132196466,0.3502007849676809,0.3676467938025501,0.05910828205252788,2.145426926019699,0.6174543363725286,0.6984657091432203,0.051994253290185845,5.220174912685703,0.2089710842272954,0.23303889395921154,0.18698455970389968,0.05910828205252788,0.13170180374810458,0.24020749566649433,0.12254525721460224,9.063791017292624,0.4403890642968964,2.145426926019699,0.2769742061250954,0.4834962383803916,1.8348578040552415,4.2673150289411765,0.1939233442315854,0.9001492212020971,2.940545822745348]"
570,"[1.3797657318810808,0.49509342824887315,0.6624696783061905,4.677441374706738,3.9857606350338908,0.11444431656592663,0.5195748836724986,0.5195748836724986,9.583383040963872,0.4003800483481943,0.7199699526552986,8.551752992327554,0.07974193982371224,0.14608338462699008,0.14608338462699008,0.03874411821302097,0.03874411821302097,0.26520474079082906,0.15432275246542068,0.40622444566716315,4.677441374706738,0.07974193982371224,0.7199699526552986,0.3161827331541506,7.97795622127422,0.42959712872576916,0.21697501864548807,0.14479564132591766,2.5503843291021684,0.40622444566716315,0.11444431656592663,0.09332213961541884,5.680767357635919,0.23425843561772108,0.49509342824887315,0.6523093262512535,0.014016038437782853,0.04713700157007924,0.19432241593786279,0.19432241593786279,8.199732807992493,0.04713700157007924,2.5503843291021684,0.014016038437782853,0.21697501864548807,1.8844154106252409,4.560379550013248,0.4003800483481943,0.900140527694236,2.7762953377910637]"
580,"[0.4050021318272807,0.5492741796354091,0.6716664308109926,1.1243102632069644,4.2682919352959905,2.7941788403044288,0.5028733935728231,0.5028733935728231,9.175460532117672,0.07761862557196042,0.7653425941272286,8.538976675418239,0.1942465461140675,0.07761862557196042,0.1903355406956571,0.05709216457183722,0.05709216457183722,0.12418328308107267,0.0377877917260568,0.44693180880217925,1.1243102632069644,0.10716220827154736,0.7653425941272286,0.08812142594886757,5.1819713449485425,0.41686645542506423,0.2170476808318873,0.7743328889676119,2.523674680491576,0.44693180880217925,2.7941788403044288,0.0377877917260568,5.1819713449485425,0.23401413042896516,0.5492741796354091,0.08812142594886757,0.03675525850023846,0.061791266019265156,0.23059199463693206,0.23059199463693206,7.8489245579117695,0.061791266019265156,2.523674680491576,0.03675525850023846,0.2170476808318873,1.9229930361786343,3.3914498010084695,0.552348981237281,0.8991968727754646,3.087289075947047]"
590,"[0.43229771685838575,0.43229771685838575,0.6566272498586405,0.4141633806083441,3.484223158353093,6.1196648852340205,0.46294166291109695,0.46294166291109695,8.65699370548187,0.1330032056786137,0.42677202920605195,7.521523120536493,0.06159244954310704,0.1330032056786137,0.3839196826652985,0.10018970274016926,0.10018970274016926,0.21549757971042957,0.08204563975804362,0.4700189817676583,0.4141633806083441,0.06159244954310704,0.42677202920605195,0.0998995548653306,3.924171165859201,0.4045067216841421,0.16184522554481978,1.195355969247627,2.5079320631131425,0.4700189817676583,6.1196648852340205,0.14500346170691714,3.924171165859201,0.2519577487904147,0.6566272498586405,0.0998995548653306,0.03334565859586269,0.054753903887492114,0.2521661921834227,0.2521661921834227,7.906169316313296,0.054753903887492114,2.5079320631131425,0.03334565859586269,0.16184522554481978,1.9712140861176888,2.6588744508606474,0.3839196826652985,0.9061241013974863,2.958850758572311]"
600,"[0.38941878263797086,0.38941878263797086,0.7670939842666888,0.47637725389517455,1.8990574317966316,9.129553467605811,0.45838136575749266,0.45838136575749266,7.9782888420715325,0.2744936189667748,0.6552668397299984,6.337897336633281,0.027807263904979482,0.2744936189667748,1.1140856599505466,0.04876263512597065,0.04876263512597065,0.08313467408915724,0.030637252459473553,0.5282193278941296,0.47637725389517455,0.03846685143192561,0.6552668397299984,0.08313467408915724,3.5191083357127346,0.38785569897160077,0.13631992787204933,1.7820797409547557,2.3638087950708773,0.5282193278941296,9.384759892867256,0.027807263904979482,3.5191083357127346,0.2773249841628596,0.7670939842666888,0.0892942238308307,0.042978271767000344,0.14739077596937536,0.25933796582022084,0.25933796582022084,8.54170672995544,0.14739077596937536,2.2240146299107875,0.042978271767000344,0.13631992787204933,1.9609742306241487,2.2240146299107875,1.1140856599505466,0.8970417954666624,3.0415926511795726]"
610,"[0.5466863515547491,0.4001669751977084,0.6875430899803122,0.620421239922932,1.6450507209768117,8.4918859569061,0.5221026518124884,0.5221026518124884,7.984781640039159,0.34570980464646756,0.42164638161781315,5.853487324798616,0.07889830403773393,0.34570980464646756,1.3210880163289154,0.09652889834119335,0.09652889834119335,0.17306395190748278,0.037544652510232104,0.8864672308698381,0.620421239922932,0.04337609707135908,0.42164638161781315,0.17306395190748278,3.4676439718082688,0.3903412995804004,0.3934189856878584,2.068849512255389,2.230510697969308,0.8800845670299023,10.256651420858619,0.037544652510232104,3.4676439718082688,0.26573149942970303,0.4001669751977084,0.22831264959891814,0.21797622098022165,0.3120592702223353,0.32281022431709905,0.32281022431709905,8.774558629199646,0.3120592702223353,2.0930392354240293,0.21797622098022165,0.3934189856878584,1.9868668273562453,2.0930392354240293,2.083012013628544,0.8800845670299023,2.938304828729789]"
620,"[0.4406012878250176,0.4406012878250176,0.7536927898004108,0.705805231591887,1.4501031413540222,7.238786606313394,0.4846566684832388,0.4846566684832388,8.951677938845794,0.27831982754561063,0.4460588178751837,6.085820467862336,0.061762170219850976,0.2388338997016832,0.2388338997016832,0.21785073650362188,0.21785073650362188,0.12268702476322901,0.04574565423973142,1.413632225231368,0.705805231591887,0.03282315880171168,0.4460588178751837,0.12268702476322901,3.6737277274474485,0.4006779753570139,0.167552839793692,1.9263179498936793,2.199503316722508,0.8667530889080852,9.480090480022977,0.03282315880171168,3.6737277274474485,0.24788561161052977,0.7536927898004108,0.1624631766200795,0.1702552142022946,0.5699361330510756,0.3668811613194625,0.3668811613194625,9.037674610732603,0.1702552142022946,2.088106385590772,0.4049797014562487,0.167552839793692,1.9807892501154185,2.088106385590772,1.9132414116516754,0.8667530889080852,3.6647584150615353]"
630,"[0.3618882822422644,0.3618882822422644,0.8293533449885648,0.7218013659498307,0.6244291070608838,7.044743703805467,0.50173053466252,0.50173053466252,9.053007378296718,0.49263499913662856,0.4725507902478677,2.5054995921016046,0.08039522287296286,0.248231048602649,0.248231048602649,0.31104832287081385,0.31104832287081385,0.1805485429430324,0.03986925877296587,1.4478734024524649,0.7218013659498307,0.04978323555251356,0.4725507902478677,0.1805485429430324,4.3611951994665095,0.3821342056644466,0.3821342056644466,1.3069630473160014,1.939668826410993,0.8370851052182693,9.09168163586065,0.03986925877296587,4.3611951994665095,0.2498033105346063,0.8293533449885648,0.36176339554638326,0.11236584817068514,0.6677646893392154,0.33507646750140646,0.42071211103236417,9.431216035787928,0.11236584817068514,2.1313269732338194,1.3069630473160014,0.5578538154773567,2.226517084316814,1.939668826410993,0.49263499913662856,0.8370851052182693,3.2753552674608852]"
640,"[0.325470914658696,0.325470914658696,0.5792157465483184,0.7754485907555266,1.3882490562954548,6.473285936532151,0.7953458267800019,0.7953458267800019,9.168937365897621,0.14620923172428982,0.6259009298492761,0.8530596120504371,0.09786329645149033,0.18124766069016793,0.10202812061626555,0.430195206351417,0.430195206351417,0.17658682355412042,0.05453513611346453,1.5967592294142579,0.7754485907555266,0.05453513611346453,0.6259009298492761,0.17658682355412042,3.871197828590312,0.47084822638112184,0.5831878674267659,0.710105305560197,1.5436411751695838,0.8216959461647593,9.749179434290053,0.25947594216871395,3.871197828590312,0.25947594216871395,0.5289081306367375,0.21074185860206046,0.5355852440800877,0.6410825107850516,0.30464620861634145,0.4828709575774074,9.900855132098362,0.5355852440800877,2.242158408561711,0.710105305560197,0.47084822638112184,2.269566895232778,1.5436411751695838,0.10202812061626555,0.7042227296160665,4.262941402394729]"
650,"[0.12965392709473575,0.12965392709473575,0.3443042273309154,0.859682664172151,1.4789382113363303,8.14802515516364,0.7343390368497646,0.7343390368497646,9.344564751013538,0.191977566116313,0.9335121828737277,0.30164268438067193,0.1324669270584446,0.28075848508498885,0.3176328490743867,0.7912968201044995,0.5991909715890508,0.1260829118454841,0.13274678398982764,1.22702748089451,0.30164268438067193,0.1324669270584446,0.9335121828737277,0.1260829118454841,3.8389912373196826,0.5991909715890508,1.0511262408235325,0.7807225537793685,1.1076680875746259,0.9934854627365454,9.930345152085138,0.23027825289642948,3.8389912373196826,0.23027825289642948,0.31279601364260357,0.43549205540966873,0.8116646554824792,0.8116646554824792,0.5631016290116998,0.5913203896082484,9.839954832278252,2.776669115028678,1.8240576432957523,0.7807225537793685,0.6384814374167649,2.447757792351912,1.1076680875746259,0.191977566116313,0.7783979467968604,3.5068379169433674]"
660,"[0.10960539627227281,0.14222511912976635,0.10960539627227281,0.04699198146444811,1.2556179359698918,6.739228765643751,0.8598090739461617,0.8598090739461617,7.33563301957382,0.30326139715174627,1.1744499903905572,0.04699198146444811,0.2218593129020286,0.210568223139782,0.210568223139782,0.7140406550861642,0.4953677012385699,0.11031113463288754,0.2218593129020286,0.23435903852926035,0.09504352508686861,0.3788007575604477,1.1744499903905572,0.11031113463288754,5.038676322027774,0.4953677012385699,1.4895400445754075,0.7192708883254839,1.0755865970657508,0.6514934890914896,8.475461564835596,0.3379122919112784,5.643376525810849,0.3379122919112784,0.4088097454580621,0.24908091223186724,1.0418967773714907,1.144885890865262,0.24908091223186724,0.4805948489776046,16.868909570185785,2.3611623420397705,1.3454305980596946,0.7192708883254839,0.5573968710386427,1.4886048337470081,1.0755865970657508,1.439499155132298,0.23435903852926035,3.9030170258554286]"
670,"[0.7821048579197943,0.15409910035533403,0.15409910035533403,0.06964516100818426,1.2732632215271535,5.831073084286375,0.910877754198906,0.910877754198906,7.152762261003879,0.10810524877446705,1.0829360886108277,0.06964516100818426,0.21287961534910796,0.10810524877446705,0.2095483789618227,0.1663660793332834,0.5312177134053099,0.1018351092280581,0.2567758606753381,0.30513697074496865,0.386204829604772,0.21287961534910796,1.267728382579549,0.1018351092280581,3.9459924196707075,0.9965683825277711,1.7331440756430296,1.0640962380137433,1.0357393295200046,0.30513697074496865,7.960369731477077,0.11610569631382851,5.832943146859164,0.11610569631382851,0.2880631618973536,0.23469721216494627,0.6281988158757629,0.6281988158757629,0.23469721216494627,0.44807913512439285,28.67219162645326,1.1328668597481477,1.67130922653996,0.901374841918725,0.5312177134053099,1.0829360886108277,1.0357393295200046,1.2786664925982698,0.823034573837834,3.474184289009679]"
680,"[0.22524481708054084,0.19011115331811212,0.22524481708054084,0.07948153323467332,0.5823266957730995,6.341542212374638,0.4756036032661792,0.8500308514573,7.289073548507228,0.23309947108499735,0.5752074405657406,0.07948153323467332,0.22751421797193722,0.2435858384437749,0.23309947108499735,0.19011115331811212,0.5048315513348551,0.10546769553921988,0.15695759436662482,0.4268398614182109,0.7671107162978338,0.15695759436662482,0.2994036773282959,0.10546769553921988,0.647930639085832,0.5048315513348551,2.1496044913810404,0.3764043368396208,1.5848963722398297,0.48324464144402146,7.8976183807552935,0.3087874028192495,8.668768812326455,0.3087874028192495,2.00321574325385,0.32454964734423386,0.4395779456119426,0.4395779456119426,0.38127709456545994,0.444115424236509,40.4011556569867,0.5925473088786599,2.032634614932502,0.3764043368396208,0.542003162711383,0.2994036773282959,1.5848963722398297,0.888105797803557,0.4268398614182109,2.7770984964463565]"
690,"[0.1144983982059626,0.12756217124496286,0.1144983982059626,0.07302606155886673,0.42777372240515105,6.227987748035061,0.15815038094604483,0.4977260217634203,7.3664641673809,0.10468880884143476,0.4827613361748624,0.07302606155886673,0.2054991921822235,0.10468880884143476,0.5731998566466016,0.4210297313422404,1.3681003113767067,0.09621982407391444,0.1609349894965424,0.5796563399030947,0.9127036321978516,0.1609349894965424,0.31129271956369664,0.09621982407391444,0.15815038094604483,0.880400171133139,3.2276834419429954,0.4909832327470113,1.3758364409000468,0.07278659923545273,6.788100413234729,0.13140675598524204,9.209938684972817,0.07278659923545273,1.8448329459683748,0.363601271274955,0.3578503493064345,0.3578503493064345,0.4891859393274829,0.4891859393274829,52.43710819209409,0.2666291089366388,2.5274525484539887,0.4909832327470113,0.880400171133139,0.31129271956369664,1.3758364409000468,1.2421196619657875,0.5796563399030947,2.406441949206105]"
700,"[0.09775408559957971,0.0785504411521193,0.0785504411521193,0.035516660416762075,0.41974620329378554,5.32745294255774,0.1377929789893325,0.4967965599821936,7.078745074099146,0.2887129586872195,0.41950193330201146,0.035516660416762075,0.3927000641398185,0.2887129586872195,0.5084662824389091,0.569693492949573,0.09763947767339337,0.10459620237311909,0.3927000641398185,0.27337348613783047,0.8557284812956871,1.2443114302527047,0.47663540069244487,0.14645898417246997,0.1377929789893325,2.479833839479621,2.577123830375648,0.4987931636463237,0.8061116683689984,0.32380815769811827,6.342331817595289,0.2811005952196334,9.82235342853691,0.27337348613783047,2.742950590265994,0.32585671269822525,0.40483004614949664,0.40483004614949664,0.35881877053617517,0.38387034674263726,65.05975869414902,0.10459620237311909,3.5384797049837378,0.6472650705379681,0.09763947767339337,0.41950193330201146,0.8061116683689984,1.1716610857423386,0.697703526375361,1.9348553658783896]"
710,"[0.16751697894304318,0.0459636563897684,0.0459636563897684,0.03993943138355322,0.4950509916308469,6.1294672319152115,0.4444872134012123,0.4950509916308469,7.626096745192052,0.5279956727471016,0.4444872134012123,0.03993943138355322,1.638305469092748,0.6469465875352168,0.5279956727471016,0.6105915860232023,0.4502642161254116,0.061903898365868466,1.3505041042647064,0.23552784120778433,0.7050419889261985,1.3505041042647064,0.6298874419163762,0.18709229720607773,0.4026797407843591,0.4502642161254116,1.4816481866038638,0.70159253066506,0.6634859311417425,0.40540759796878195,6.837368337832688,0.2744085394538062,9.522568373694883,0.23552784120778433,3.1079853504373816,0.2062442082383039,0.29892934706844454,0.29892934706844454,0.2062442082383039,0.5155580056960957,77.39910236305974,0.061903898365868466,3.3074984129665124,0.70159253066506,1.0061104485062393,0.4026797407843591,0.6634859311417425,1.9294312163684995,0.6650762493213932,1.9514814745419173]"
720,"[0.28439856552791315,0.681443172185684,0.681443172185684,0.13993413549720526,0.3653413916138664,7.373943068777705,0.588687448921397,0.8847489799772125,9.375519467645114,0.9685150081981935,0.18049524739798692,0.13993413549720526,0.7437515958547822,0.8204195336828501,0.8204195336828501,0.7560073777340811,0.5123198229698166,0.3757615535664607,2.634190771284967,0.2347945618480795,0.7033712451329887,0.7437515958547822,0.18049524739798692,0.9082539663550182,0.3653413916138664,0.28439856552791315,0.4089206387174459,0.47123299493040777,1.7856031482732158,0.2630821409258128,7.101226101281775,0.18126401732367342,8.922833325740333,0.18126401732367342,1.6093336497382982,0.21099556605830982,0.33630940380656615,0.33630940380656615,0.21099556605830982,0.6227506294265517,88.78746468469947,0.21139954385651924,2.8816224016340803,0.47123299493040777,0.5690418718186018,0.8142033697002239,1.7856031482732158,1.5500048572183949,0.48755209165751767,0.9082539663550182]"
730,"[0.28489718270704856,0.36950984528333797,0.7046469067175708,0.6518233388120307,0.21175423540434546,6.76447777478381,0.21175423540434546,0.5211020868444747,8.623500209893797,0.5747880717738648,0.3116813483998137,0.6518233388120307,0.5553077123063092,0.5747880717738648,0.861676715514194,0.6611999590407436,0.36950984528333797,0.43057820464487045,3.118461625375235,0.1708462265196166,0.6812311096598369,0.5553077123063092,0.3116813483998137,0.43057820464487045,0.32839045787944426,0.28489718270704856,0.3678900376062162,0.7233781069929687,1.306266049243711,0.27144227986649644,8.04636945482249,0.17873494468931483,7.786961933776925,0.1708462265196166,0.6408408925931227,0.5878019468628748,0.3042721564275241,0.3042721564275241,0.1265009823150713,0.1265009823150713,98.92401311323394,0.5334017804001521,2.2131133718474554,0.7233781069929687,0.6611999590407436,0.7769493502828314,1.306266049243711,3.132272961631109,0.47738823016257276,1.0340875964199634]"
740,"[0.34185267779950135,0.5256937150801871,0.3327812252453944,0.7411222161319331,0.10481106967333753,5.684232976017941,0.14376199582824156,0.08109019392387495,8.383216656104462,1.1208424812854012,0.08109019392387495,0.6143256406510741,0.24138222174834975,0.11462853306350333,0.11462853306350333,0.5693271487659204,0.3327812252453944,0.3238427001243627,5.054843462561274,0.1365666542618188,0.6143256406510741,0.24138222174834975,0.44924380671659636,0.3238427001243627,0.3557312372294177,0.5503043607105441,0.24800317483492357,0.3242335664620502,1.4417959527866069,0.3058560996249277,8.629222298762803,0.1793293295961812,6.084201204379584,0.1365666542618188,0.3642372584051387,0.3947520183974308,0.3397708251051491,0.3397708251051491,0.35077399199901366,0.35077399199901366,108.51802181905808,0.7330119079572458,1.3433622081095073,0.3242335664620502,0.24800317483492357,0.6484501981906673,1.3433622081095073,5.28596492002794,0.47673051224494833,0.8904120649924956]"
750,"[0.46270835658941467,2.3308827081530588,0.8898061410343489,0.1821166942099082,0.11253821723446644,5.297488951290737,0.012301390305242608,0.012301390305242608,8.153894734995477,0.287970629591212,0.04420496063813329,0.7213088181649899,0.15658338418316087,0.1670755753621001,0.1670755753621001,0.7373073284225033,0.6646061249669171,0.3361845865000913,5.43138983806376,0.15763069872497162,0.1821166942099082,0.15658338418316087,0.3876095460876083,0.37474507597833384,0.5328089523462659,0.5752145444102189,0.43583143460953533,0.32037352350905146,1.723771287289769,0.32241041950951,8.722216775764151,0.18024823362571932,6.978314077643881,0.15763069872497162,0.5752145444102189,0.3361845865000913,0.32037352350905146,0.4450851881928646,0.3675636405064781,0.3675636405064781,118.00577760268013,0.694547530813673,1.723771287289769,0.41890912140632647,0.43583143460953533,0.7859555130755556,2.2529213384761144,5.297488951290737,0.47672671395296423,0.9077579998395513]"
760,"[0.33906375924223514,0.2668909991402336,0.2668909991402336,0.23773824107671448,0.21399336355072732,4.176498239314104,0.016012922486894177,0.016012922486894177,7.914017584989323,1.5082209905759696,0.07285943571124319,0.5839460057876493,0.43606061810720553,0.2276128008403934,0.2276128008403934,0.17078498992000177,0.2553952548528049,0.3363458781011289,5.247001615679223,0.19662095006150299,0.23773824107671448,0.43606061810720553,0.4614411350144625,0.401928673779355,0.4614411350144625,1.358859660158485,0.3981991290251298,0.16390640898779985,2.4157638946709032,0.2686071005484543,7.9572146139875635,0.19078518579429918,8.356262924559314,0.19078518579429918,0.17078498992000177,0.3363458781011289,0.16390640898779985,0.4571852831406845,0.3872718494149394,0.3872718494149394,126.97645522884127,0.6308207958464455,2.4157638946709032,0.6386632859436386,0.2553952548528049,0.6518362974072424,2.878909341980387,4.176498239314104,0.5339914389477153,0.9052624681330137]"
770,"[0.1594202592736721,0.8581470485210738,0.8581470485210738,0.1037615411254169,0.2073060783513326,4.287609979710191,0.09108413467818632,0.09108413467818632,7.626641302134402,0.43915154510494436,0.095991528013756,0.1037615411254169,1.154115794442018,0.2350111642044185,0.2350111642044185,0.1594202592736721,1.1311784207816693,0.31899555906372806,4.890260034722548,0.20569443370179125,0.19744403867147997,1.154115794442018,0.39028573921848553,0.41009505274459346,0.39028573921848553,1.072172353120711,0.35810282345232197,0.41066518012375075,3.7262088433726857,0.27776448233335416,8.01313177203989,0.20927804547203424,7.716303088775163,0.20569443370179125,0.35810282345232197,0.31899555906372806,0.3930636479309231,0.7410167448282886,0.380424278646025,0.380424278646025,134.4200443207348,0.5280959034230196,2.789347750325963,0.3930636479309231,0.8201118339264492,0.7681362281303147,2.789347750325963,4.287609979710191,0.6221662105980559,0.8779603333269389]"
780,"[0.6688905174255193,0.7462517797137587,0.8579714658714868,0.37884176025447597,0.27507689874145125,4.008748600209822,0.0641727614981534,0.0641727614981534,7.263144490630968,0.07067493758142639,0.2634535718577376,0.2811834434661639,1.7732062922616922,0.07067493758142639,0.33397237027635496,0.40935568641118997,0.3759393882127601,0.3533842151869511,4.48352892232499,0.05373578813937362,0.2811834434661639,1.7732062922616922,0.3709168479924454,0.3780359487636768,0.39086420197558586,0.6688905174255193,0.11930234455814086,0.3660582521930736,5.106313836206698,0.3018294868157014,8.240839262026938,0.30037261030204176,8.246052566156429,0.05373578813937362,0.11930234455814086,0.3533842151869511,0.11708422069854006,0.592563368432001,0.3852663332895362,0.3852663332895362,140.81577001645465,0.505987600811024,1.9341621965370315,0.11708422069854006,0.3759393882127601,0.6263056987740652,1.9341621965370315,4.008748600209822,0.5491413296364112,0.992300057901423]"
790,"[0.29924917737845036,0.21556724736815627,0.5578303640767122,0.4262274427079568,0.5802039068595418,5.100226549168772,0.036929376772976065,0.036929376772976065,7.110721219460609,0.5474736710922717,0.10510012877734398,0.2956786717278241,3.9092087260622024,0.5474736710922717,0.9473126373007843,0.08293268235277942,0.40781269269330145,0.36210494404822186,5.376785749296998,0.04385957688088016,0.2956786717278241,3.9092087260622024,0.3289905564179859,0.4834274465890042,0.2704364685809728,0.3789863563569035,0.3789863563569035,0.15538682024611494,4.714342543127089,0.39237135345459784,8.72265264335358,0.7008307597167706,9.817892311944178,0.04385957688088016,0.9459318442047439,0.36210494404822186,0.2780824753471023,0.42857061436438165,0.471090354076961,0.9766676984335322,144.3641422863452,0.4834274465890042,2.0063346866899585,0.15538682024611494,0.08293268235277942,0.2704364685809728,2.0063346866899585,5.100226549168772,1.614497808113956,1.3582413228950678]"
800,"[0.42688518872287534,0.8177924113420197,0.16184478908546138,0.33237561285481076,0.3104459362904728,9.325234322943405,0.012715740173714326,0.012715740173714326,4.234469279720161,0.7095513718581964,0.035492704320373075,0.2359568745619621,5.415711659190716,0.7095513718581964,1.3795902732359155,0.08998997773572993,0.5143509869709604,0.5478400450841842,5.415711659190716,0.7055260008100734,0.2359568745619621,6.945142416027037,0.2786133147803509,0.809297401474859,0.08237651924786517,0.526110694166639,0.17163761101730782,0.44213775616729906,4.3201583495668725,0.19876402807442922,8.030621692618736,1.2438939299376768,9.520443068370612,0.19876402807442922,0.08998997773572993,0.244898026444899,0.5510396968912692,0.44213775616729906,0.244898026444899,1.1501466133894023,143.23871797876035,0.6173612315342666,2.1607925905727767,0.5329359889822838,0.1937228276629624,0.08237651924786517,2.1607925905727767,4.234469279720161,1.8117367932854325,1.1501466133894023]"
810,"[0.3248731917374084,0.3248731917374084,0.0321007657121218,0.7245584036494374,0.1503550980736117,10.648780650711261,0.009278125037772667,0.009278125037772667,2.6332941879989127,0.4115926923161447,0.031228883490102926,0.27696603012076515,7.417255792916267,0.8849342627641329,0.4115926923161447,0.04107228497229691,0.25935223831929394,0.21136579191485003,7.417255792916267,0.42865152239557136,0.27696603012076515,6.147694170657571,0.2622943058231014,0.5595033277957563,0.07990731918444648,0.09545286867546783,0.04107228497229691,0.09744049206198453,5.356075122019697,0.34980152530942904,7.601571049923274,0.6325773709377889,8.658864446295865,0.34980152530942904,0.0321007657121218,0.27420422577814163,0.09545286867546783,0.4394070521323576,0.21136579191485003,1.4350025886247062,140.84184403302746,0.4796795315144207,0.7543040172715831,0.09744049206198453,0.15686372293868062,0.07990731918444648,0.7543040172715831,2.6332941879989127,0.6325773709377889,0.8039892440479119]"
820,"[0.3394222943555106,0.4258363073797065,0.05030095639975613,0.8182985531925236,0.1252758146671608,10.254774112234326,0.02133361616938723,0.02133361616938723,2.70846872836576,0.3131176591076818,0.03902750427004922,0.13794989146632222,7.191254462563893,1.1257731114794753,0.3131176591076818,0.05395771900667468,0.1879167611206427,0.18514498814104838,8.536635470165006,0.8182985531925236,0.13794989146632222,5.253497772926592,0.2743518830946603,0.14458836382029286,0.06090439492855602,0.21382190005570767,0.05395771900667468,0.12922977697387344,5.253497772926592,0.6252181319297176,7.120998323426684,0.29445837226115107,7.191254462563893,0.6252181319297176,0.09772002335918421,0.2679992577519972,0.09772002335918421,0.3430753213701809,0.14458836382029286,1.4824746408915084,141.18883431796996,0.6370311135991712,0.984773166977983,0.05030095639975613,0.20023621873989636,0.06090439492855602,0.984773166977983,2.70846872836576,0.29445837226115107,0.6370311135991712]"
830,"[0.11105495601717363,0.13275136733191562,0.9257115060091325,0.4541813039081977,0.12509938027700288,10.278031836377263,0.020263309886657317,0.020263309886657317,3.456067427860165,0.08029610675830245,0.047286389200983714,0.051052743009258814,6.911721543181537,0.8265181685280486,0.08029610675830245,0.04140441660656941,0.07808450468142594,0.32742855670513465,9.171418723636105,0.2958819328746199,0.051052743009258814,4.9190498181728675,0.2791315892677845,0.30693173739877344,0.07050116671532981,0.16039424949801284,0.04140441660656941,0.13590098438241582,4.4628699486915435,0.41940631965745473,6.248622305446416,0.5467211203055161,6.911721543181537,1.0333711621964288,0.1734703536248802,0.5767273115546642,0.11105495601717363,0.24135305447127103,0.30693173739877344,1.467937548824317,140.43798449730264,0.9401377011568921,0.6761888118950421,0.13590098438241582,0.07808450468142594,0.07050116671532981,0.6761888118950421,3.456067427860165,0.2958819328746199,0.9401377011568921]"
840,"[0.4263748360792739,0.26004452429112124,2.531654557410758,0.23790457601766174,0.15454534273567125,10.33704837164604,0.013638172799245393,0.013638172799245393,5.505785484831078,0.17697591817089914,0.04845095226521906,0.06531758150633518,6.084791612258369,0.7523837348615133,0.17697591817089914,0.04534939971199734,0.03432158574565343,0.2980460577615072,8.954955406505917,0.4291690579467233,0.06531758150633518,5.042720247603785,0.2881616176524051,0.2980460577615072,0.039304264313859395,0.27694648052754006,0.03432158574565343,0.08267521714958921,3.921811498135773,0.16282429506782492,6.084857822388808,0.19337551261631078,6.084791612258369,0.3010012861275189,0.1456260198384462,0.46139184177292647,0.1456260198384462,0.37693706892293055,0.38664170541740805,1.1958772123840287,140.53286670813193,0.6226611536021651,0.7184636347047036,0.08267521714958921,0.04534939971199734,0.039304264313859395,0.7184636347047036,5.505785484831078,0.19337551261631078,0.6226611536021651]"
850,"[0.447097095154421,0.2637752439750738,2.6214823473075617,0.18227272351488244,0.1704463709416596,10.334821350460734,0.023669310796656167,0.023669310796656167,7.196217058237059,0.12149279715415578,0.03989539446804318,0.0792831934574769,5.623308131423904,3.022968893165861,0.12149279715415578,0.054296277764213474,0.35322112375045356,0.28346329158935923,8.851483721360793,0.18227272351488244,0.0792831934574769,5.255742661155069,0.21320074811700196,0.28346329158935923,0.10648496358692845,0.08624139422077652,0.2915639142256449,0.06493782090447624,3.5962262223740806,0.08314529172209256,6.373581267524101,0.20874638081388433,5.623308131423904,0.5157232940671193,0.2637752439750738,0.3548755642943584,0.5778522539164657,0.6500713222808452,0.5957555121771055,1.2801672351976072,142.87737832118654,0.7615414593236287,0.7354934753857475,0.06493782090447624,0.054296277764213474,0.10648496358692845,0.7354934753857475,8.695849714009052,0.20874638081388433,0.7615414593236287]"
860,"[0.15220918203081793,0.15220918203081793,2.327157617291744,0.0914614796985531,0.16980848111848412,10.374784271295281,0.11524822519469874,0.09467248569601049,7.185219740906395,0.14513617415778915,0.09467248569601049,0.08592681611765511,4.957592491676734,4.581063948472057,0.14513617415778915,0.28802183643810264,0.4989879877970002,0.23000159369279813,8.759798974421841,0.0914614796985531,0.09020814139758764,5.0711019639008095,0.31017321980484064,0.21612812138728124,0.25918972842067084,0.14067328532504775,0.6587301355141829,0.18420288503784776,3.4512561037344764,0.08592681611765511,6.37237864763829,0.32699250399588975,4.957592491676734,0.5023759609703994,0.14067328532504775,0.21612812138728124,0.4989879877970002,1.0313825641483951,0.9423482718309176,0.9184318438764064,148.1100018463388,0.6665469383970198,0.6893161745732798,0.24614028423452214,0.28802183643810264,0.25918972842067084,0.6893161745732798,10.601493602035637,0.32699250399588975,0.6665469383970198]"
870,"[0.17204846807837765,0.2071060922011625,2.262571883465257,0.06864762759975504,0.17051718420176806,10.067505474572679,0.01250045300326637,0.04522028558431621,7.379504478644913,0.31370040201577876,0.01250045300326637,0.07587420616507165,4.690131931232209,6.100055133631091,0.31370040201577876,0.0674238648569626,0.0674238648569626,0.3877901268757279,8.714261367825332,0.06864762759975504,0.06212246255672229,4.864497116822951,0.28383664803952396,0.20878878523901945,0.14944003347499235,0.2654980859576645,0.3873855798769,0.3443397882948116,3.1549295649058764,0.06212246255672229,6.340235669103424,0.43057542293771583,4.690131931232209,0.07587420616507165,0.17204846807837765,0.20878878523901945,0.24678984048544153,2.6929100146610243,0.4757707942201436,0.7550640425124852,154.2157760318616,0.8306332164304833,0.6377222887800964,0.2886730525712116,0.5511296689794756,0.14944003347499235,0.6377222887800964,9.146762185356101,0.43057542293771583,0.7550640425124852]"
880,"[0.11268687801365211,0.11268687801365211,5.00202635058146,0.49360577823322943,0.6224659998947957,7.907219095906514,0.2769705400500436,0.07316863343084996,4.1651682470843,0.37176954690134184,0.07316863343084996,0.09851987675385245,7.353911917560389,5.038393335043409,0.37176954690134184,2.9810884574846406,4.419283262061695,0.5860719725346276,8.970069486251926,0.21739743580429183,0.18784294400179144,6.116592299361944,0.6407017589551713,0.5860719725346276,0.3947772998025433,0.29000392818991144,1.0030602689769548,0.41372333255072746,2.8393531154572713,0.052354015917474954,5.799198719703457,0.06963689314491325,7.353911917560389,0.052354015917474954,0.2952940958579322,0.80116443403508,0.21328112111831218,3.3359938439673864,0.7082293212950189,0.3728783446263236,164.49981684364587,0.7649265838995747,0.8972406209558309,0.21328112111831218,0.25581699342697733,0.3947772998025433,0.8972406209558309,9.937261606459595,0.29223860833663395,0.3728783446263236]"
890,"[0.5049429518330639,0.6408283750595024,5.542752128029298,1.36103931740433,0.4535379100012483,8.740952332358647,0.2188235478993805,0.10311717159073568,4.401834088235492,0.07840375737560795,0.10311717159073568,0.2271855395822965,21.726975782657124,2.6830304780755583,0.07840375737560795,2.531575869130394,2.531575869130394,0.7668349471075994,8.939064431561627,0.6076810807483322,0.5676941272214984,5.644425092859168,0.796302161935245,2.149872807154944,0.2894020326798271,0.26548236189639407,2.4739759498123712,0.1935372658906738,2.519288802050895,0.3429271916291198,5.67476586975148,0.3429271916291198,7.436743693395071,0.2271855395822965,0.1935372658906738,2.149872807154944,0.26548236189639407,3.0771126038249568,0.7668349471075994,0.36039322103580257,179.2498063771936,0.6604381272460347,2.107081834379402,0.9661675720940571,0.46700799099873674,0.2894020326798271,2.107081834379402,9.715392662228554,1.36103931740433,0.36039322103580257]"
900,"[0.26417009660452306,0.26417009660452306,2.336832088644652,1.492694529259913,0.8112113625750276,8.71205050453606,0.1963502086984578,0.1033827619125555,4.5619394475225015,0.2931227239453877,0.1033827619125555,0.20608001821936586,34.1695816947665,1.2720255424395994,0.2931227239453877,0.8692117630892346,0.8692117630892346,0.7454672391301881,10.36877207595947,1.9007995602524141,0.26670747038673687,3.9015712790560406,0.8112113625750276,1.0274633467435286,1.8957531862771224,0.4815811718024498,0.8915618448495174,0.8915618448495174,2.5324426628539976,0.6361311299340184,5.198263125259175,0.2518169492551987,7.1041893931516675,0.20608001821936586,0.3766981680586896,1.0274633467435286,0.5443600236464311,2.5578792947115474,0.7454672391301881,0.4839339976051219,191.5591591781121,0.8116138739253046,2.5324426628539976,0.6209565423959459,0.3766981680586896,0.8811449953356074,3.158255056445891,7.984629475565613,1.492694529259913,0.4839339976051219]"
910,"[0.3622013055240862,0.38258880978253856,2.7264480059473835,1.1340976418601305,1.1034733142456183,9.15718956208765,0.22557617335001587,0.09819535571978286,6.302191782822558,0.72049537148665,0.09819535571978286,0.623822440267365,47.22630390677119,0.9792482780209607,0.72049537148665,0.7496376078693416,0.7496376078693416,0.7513792068793662,9.923182771508214,1.282085220054505,0.4678330455863914,1.6588813401513016,1.1034733142456183,1.186250800816327,0.747645951323905,0.40510503317754626,0.38544629716467244,0.3622013055240862,2.5929521945239244,0.623822440267365,5.140828705106091,0.1591968746417124,6.810414218425028,0.1591968746417124,0.41240600588416243,1.186250800816327,0.32113360672537133,1.3312592885745427,0.7513792068793662,0.49855262930710625,192.6352165618262,1.021923765567401,2.5929521945239244,0.32113360672537133,0.41240600588416243,0.747645951323905,4.231035855224861,7.259145735312106,1.1340976418601305,0.49855262930710625]"
920,"[0.1699098058969278,0.1699098058969278,2.874990202847941,0.958792298954294,0.4420219143668108,9.354390525644082,0.2016137194361758,0.0945727132585453,4.291877839225244,1.4699861895297388,0.0945727132585453,0.2888784739035481,59.06305112369061,0.8641996848117625,0.8641996848117625,1.1671071872959036,1.1671071872959036,0.7519898187516334,9.541185620798572,0.61684020026952,0.4462706288430716,1.8831142985226634,0.4420219143668108,1.2840461544296844,0.9243574351867577,0.5109391844718238,0.5430022474234221,0.5004397658084583,2.6432220062500944,0.45368236616185986,5.376716046257149,0.5450138280542174,8.28384349706692,0.2888784739035481,0.22534053826665995,1.2840461544296844,0.3652174030942948,1.670363598314457,0.7519898187516334,0.45938578159351046,179.89734041375598,0.8490960871413858,2.6432220062500944,0.3652174030942948,0.22534053826665995,0.9243574351867577,4.117608167069151,4.291877839225244,0.958792298954294,0.45938578159351046]"
930,"[0.18902641736658657,0.18902641736658657,3.2976600660469524,0.7239386543387641,0.4490450916755632,9.72101162750097,0.1830652823108728,0.0961839832790312,2.7474612842463904,2.8301253023592072,0.0961839832790312,0.796830655008018,72.1025407764486,0.1575523109651202,0.1575523109651202,1.0244687850943495,1.0244687850943495,0.7293912214299143,10.005682370977976,0.6594218685282902,0.5465517724275181,2.4313480786812467,0.4490450916755632,1.287090244520493,0.4472328173900317,0.44024274375204037,0.6925302407034966,0.6925302407034966,2.657879150015744,0.6181673026460204,5.468521758040894,0.23341098148413678,8.369576736080669,0.23341098148413678,0.2420767821594126,1.287090244520493,0.27172946561018274,1.2012562744742026,0.7293912214299143,0.4551208657355015,167.8523402667233,0.8446611579065066,2.657879150015744,0.27172946561018274,0.2420767821594126,0.4472328173900317,4.164731837374727,2.7474612842463904,0.7239386543387641,0.4551208657355015]"
940,"[0.23636634346913438,0.23636634346913438,3.8364994010565927,0.8411764547540074,0.5762769737903229,9.469198661212682,0.16052750508240288,0.10484129151871,0.8183917905880147,3.0133664349165095,0.10484129151871,0.24452611947197642,85.77673999725158,0.26507440215418027,0.26507440215418027,1.0266400208358188,1.0266400208358188,0.6616943982063864,10.111328428757883,0.941325575022141,0.6235622894305894,3.419967933026407,0.5762769737903229,1.4253190834818457,0.59056643259687,0.18112202044123657,0.10216221308410399,0.18112202044123657,2.6385687522387165,0.4450545354424247,2.7623594510904286,0.024378676206765634,8.451803127375678,0.024378676206765634,0.6091972489850518,1.4253190834818457,0.39687154169745076,0.9848116177862308,0.6616943982063864,0.5548829791269922,156.68031852711337,0.8185681884257753,2.6385687522387165,0.10216221308410399,0.6091972489850518,0.6613348381967956,4.316325979519241,0.8183917905880147,0.8411764547540074,0.5548829791269922]"
950,"[0.9036567531157141,0.6600222738403352,3.827814064678746,0.5789140841089789,0.5038732763041287,9.551752944236577,0.37796639480294825,0.37796639480294825,2.666699675195123,8.934067288298689,0.46421175549717497,0.5557743613974495,99.50519921874728,4.6119246809383565,4.6119246809383565,0.8170119825405272,0.8170119825405272,1.0239261807036284,9.700202970502293,0.5349194990078788,0.5557743613974495,3.7684451046827068,0.5038732763041287,0.5731087708827529,0.5342998339876495,0.1452947806995937,0.1622184300719577,0.1622184300719577,3.120502358592502,0.49285438328572,1.184305796881247,0.3522733975984936,8.43540662028818,0.3522733975984936,0.2923510264628215,0.5731087708827529,0.1452947806995937,1.903381022219546,1.0239261807036284,0.49874934634020773,146.31336412296858,0.42273154406490826,3.120502358592502,0.2571761247321236,0.2923510264628215,0.9927228661940921,3.771304126475125,2.666699675195123,0.5789140841089789,0.42273154406490826]"
960,"[0.376897765872221,0.376897765872221,1.1966368609571507,0.525865858336582,0.47103234225292023,9.804040591385075,0.17816638042075938,0.17816638042075938,1.8983804161665583,7.650248706940081,0.4155421376129879,0.2352487850001411,112.65479562619454,3.4315789392735034,3.4315789392735034,0.7382930178107917,0.7382930178107917,4.9224013524842745,9.525906797248002,1.084657268581753,0.6530733904700909,2.5806517212384334,0.40849640603854626,1.1966368609571507,0.20740875953012744,0.3418302175905486,0.38649995712837587,0.38649995712837587,4.078065149041049,0.4616639907770481,1.00198738710929,0.13633998277732562,8.88263711044238,0.13633998277732562,0.4834643239375308,1.2079386179575928,0.31321946374007625,1.911574646242558,4.9224013524842745,0.7003373588717146,136.96595284534376,0.7003373588717146,1.8670120485790833,0.31321946374007625,0.5822037220920786,0.20740875953012744,1.8670120485790833,1.8983804161665583,0.525865858336582,1.0313207495388892]"
970,"[0.15869942239256932,0.15869942239256932,1.803265850062648,0.6803164164756099,0.4710900024877339,9.769194758927851,0.1032656209140004,0.1032656209140004,0.45663148158213007,8.403202751931852,0.9416345132329276,0.09934182158712142,125.94260478524394,3.208240509648476,3.208240509648476,0.8581756168156709,0.8581756168156709,1.803265850062648,9.444457104636802,1.1108681828030798,0.9004843355473462,2.7098695479959507,0.3683393554092373,2.01400963843986,0.09620807275226154,0.06821091423763373,0.08768503244326065,0.08768503244326065,3.7313977939930574,0.5613059926021439,1.2042325048797762,0.20595711912899178,9.155460570571357,0.09934182158712142,0.24247366712422175,2.01400963843986,0.06821091423763373,1.6308317041980263,7.255763467098626,0.4080456197984782,128.94716503197728,0.5032484118664745,2.143932050260324,0.3056024717213475,0.24247366712422175,0.09620807275226154,2.143932050260324,0.45663148158213007,0.6803164164756099,0.4080456197984782]"
980,"[0.08516312756010865,0.08516312756010865,1.8212007044826903,1.0290902336414083,0.55851393287918,9.341122958086181,0.08468799199485078,0.08468799199485078,0.7025343232583222,9.180135618675326,0.6902859687193209,0.3763620564784934,122.52376929825647,3.2157760680751526,3.2157760680751526,1.194482211194507,0.6282911946006425,1.8212007044826903,9.391215167195869,1.5549851705202264,1.1063731428612433,2.4891107557991776,0.36029927341831114,0.9964010259557301,0.17825209735171194,0.48420885717792417,0.3834652670389263,0.34489482277767236,4.082376135603589,0.6567146620767844,0.6282911946006425,0.3763620564784934,9.023094478482486,0.9120446554318423,0.26358119845441097,0.9964010259557301,0.6907295991373081,1.1217195083927989,8.54345705718614,0.4244933823661866,122.52376929825647,0.024950602911277105,2.518717368769246,0.48420885717792417,0.26358119845441097,0.17825209735171194,2.518717368769246,0.7025343232583222,1.0290902336414083,0.024950602911277105]"
990,"[0.06620659220850864,0.06620659220850864,1.705756371616058,0.9393636195040024,0.5798098307923573,10.194499242178216,0.12565700462194282,0.12565700462194282,0.4082515703094281,8.682842918271621,0.6021478692907193,0.6656696371697777,117.9566880623479,3.173601311435432,3.173601311435432,0.9093697697897719,0.529295567518186,1.705756371616058,9.636304343197912,2.6097428929254125,1.204322641757843,3.416915752397283,0.5798098307923573,1.5084339040125363,0.8049045919940392,0.3308990003812063,1.7738505311703854,0.3550606539396459,4.075144401058744,0.23615060489714282,0.529295567518186,0.4372409202874417,8.92781017185397,0.23615060489714282,0.26487650779939886,1.5084339040125363,0.3308990003812063,0.2216052352964927,10.192673062713185,0.5949080646810727,117.9566880623479,0.2216052352964927,3.2690645813039985,0.6392845025295268,0.26487650779939886,0.6119712250761732,3.2690645813039985,0.4082515703094281,0.9393636195040024,0.2343544133116477]"
1000,"[0.05939388791015147,0.05939388791015147,1.642485612853671,1.0127602880454916,0.421080425932983,9.742146915439216,0.18650792300784283,0.18650792300784283,1.2129636992276276,8.626044006258844,0.46732900264134886,0.9588870846057748,115.46640211135447,3.1743588495651003,3.1743588495651003,0.7220735788222302,0.7220735788222302,1.967538739959218,10.03316509136282,2.436401746981557,2.2878324806335386,3.0266246896498377,0.421080425932983,3.5572845094429555,1.1535119796468578,0.3313330588727467,3.9159496339967896,0.35527975124869404,3.8607461217915438,0.926953054608733,0.7368815535686173,0.926953054608733,7.653440298054482,0.9819497142639587,0.4152659437862016,1.642485612853671,0.41800850329603567,0.08512696893548283,8.422270422834323,0.25499921268660775,115.46640211135447,0.12493752306850284,3.8607461217915438,0.3313330588727467,0.35527975124869404,0.47453978078770054,4.007367941573835,1.2129636992276276,1.0127602880454916,0.08512696893548283]"
